https://mubi.com/es/films/still-here,['6.8']
https://mubi.com/es/films/william-the-new-judo-master,['5.7']
https://mubi.com/es/films/pie,[]
https://mubi.com/es/films/conversaciones-con-un-mono,[]
https://mubi.com/es/films/bruma,[]
https://mubi.com/es/films/landscapes-2022,[]
https://mubi.com/es/films/casa-caracol,[]
https://mubi.com/es/films/polar-bear,['5.8']
https://mubi.com/es/films/el-vecino,[]
https://mubi.com/es/films/el-ocaso-de-las-diosas,[]
https://mubi.com/es/films/ditches,[]
https://mubi.com/es/films/lupe-under-the-sun,['6.3']
https://mubi.com/es/films/pacifico,[]
https://mubi.com/es/films/bano-de-vida,['7.2']
https://mubi.com/es/films/birds-or-how-to-be-one,['7.4']
https://mubi.com/es/films/alba-2016,['8.1']
https://mubi.com/es/films/the-immoral-life-of-the-perfect-couple,['6.1']
https://mubi.com/es/films/the-alien,[]
https://mubi.com/es/films/la-leyenda-del-chupacabras,[]
https://mubi.com/es/films/the-guardian-of-memory,['8.0']
https://mubi.com/es/films/un-padre-no-tan-padre,['4.8']
https://mubi.com/es/films/black-mexicans,[]
https://mubi.com/es/films/julieteta,[]
https://mubi.com/es/films/armed-to-the-teeth,['7.8']
https://mubi.com/es/films/a-philosopher-in-the-arena,[]
https://mubi.com/es/films/los-adioses,['8.4']
https://mubi.com/es/films/road-to-mars,['4.9']
https://mubi.com/es/films/como-matar-a-un-esposo-muerto,[]
https://mubi.com/es/films/koati,[]
https://mubi.com/es/films/the-night-2021,['6.3']
https://mubi.com/films/lo-mas-sencillo-es-complicarlo-todo,['2.4']
https://mubi.com/es/films/on-body-and-soul,['8.4']
https://mubi.com/es/films/ciudad,[]
https://mubi.com/es/films/the-orchid-seller,['6.7']
https://mubi.com/es/films/roma-2017,['8.1']
https://mubi.com/es/films/a-wild-stream,['7.7']
https://mubi.com/es/films/zama,['7.6']
https://mubi.com/es/films/maricarmen,[]
https://mubi.com/es/films/el-club-de-los-insomnes,['5.5']
https://mubi.com/es/films/revolver-mind,[]
https://mubi.com/es/films/la-boda-de-valentina,[]
https://mubi.com/es/films/esmeralda-s-twilight,['9.0']
https://mubi.com/es/films/the-blue-years,['6.0']
https://mubi.com/es/films/opus-zero,['7.6']
https://mubi.com/es/films/cuando-los-hijos-regresan,['4.0']
https://mubi.com/es/films/silent-light,['8.0']
https://mubi.com/es/films/ayotzinapa-26,[]
https://mubi.com/es/films/the-gaze-of-the-explorer-humboldt-in-mexico,[]
https://mubi.com/es/films/long-way-home,['7.5']
https://mubi.com/es/films/the-wolf-s-lair,['6.9']
https://mubi.com/es/films/les-cinq-diables,['7.3']
https://mubi.com/es/films/what-do-we-see-when-we-look-at-the-sky,['8.0']
https://mubi.com/es/films/welcome-to-acapulco,[]
https://mubi.com/es/films/northern-skies-over-empty-space,['7.5']
https://mubi.com/es/films/nueva-venecia,[]
https://mubi.com/es/films/lorena-light-footed-woman,['6.9']
https://mubi.com/es/films/eva-doesn-t-sleep,['6.1']
https://mubi.com/es/films/psychotropic-sunrise,['5.0']
https://mubi.com/es/films/la-nina-de-la-mina,[]
https://mubi.com/es/films/santa-teresa-and-other-stories,['6.5']
https://mubi.com/es/films/3-zene-or-waking-up-from-my-bosnian-dream,[]
https://mubi.com/es/films/the-modern-jungle,['7.1']
https://mubi.com/es/films/treintona-soltera-y-fantastica,[]
https://mubi.com/es/films/zoe-panoramas,[]
https://mubi.com/es/films/the-weekend-sailor,[]
https://mubi.com/es/films/i-promise-you-never-to-come-back,[]
https://mubi.com/es/films/periferia,[]
https://mubi.com/es/films/bonsai-2016,['4.8']
https://mubi.com/es/films/slaughterhouse-rulez,['4.5']
https://mubi.com/films/the-public-image-is-rotten,['6.6']
https://mubi.com/es/films/entrana,[]
https://mubi.com/es/films/la-leyenda-del-charro-negro,[]
https://mubi.com/es/films/i-faust,[]
https://mubi.com/es/films/the-chaotic-life-of-nada-kadic,['5.3']
https://mubi.com/es/films/arrhythmia,['8.0']
https://mubi.com/es/films/jasmines-in-lidice,[]
https://mubi.com/es/films/island-of-the-dolls,[]
https://mubi.com/es/films/april-s-daughter,['7.2']
https://mubi.com/es/films/veronica-2017,['5.1']
https://mubi.com/es/films/hazlo-como-hombre,['4.0']
https://mubi.com/es/films/artemio,[]
https://mubi.com/es/films/el-silencio-es-bienvenido,['6.3']
https://mubi.com/es/films/feral-2018-andres-e-kaiser,['8.0']
https://mubi.com/es/films/witkin-witkin,['8.5']
https://mubi.com/es/films/no-one-will-ever-know,[]
https://mubi.com/es/films/the-company-you-keep-2017,[]
https://mubi.com/es/films/the-sower-2018,['8.9']
https://mubi.com/es/films/el-habitante,['4.4']
https://mubi.com/es/films/mapa-de-suenos-latinoamericanos,[]
https://mubi.com/es/films/beyond-the-mountain,['6.7']
https://mubi.com/es/films/an-island-in-the-continent,[]
https://mubi.com/es/films/history-lessons-2018,['6.0']
https://mubi.com/es/films/ricochet-2020,['5.5']
https://mubi.com/films/poets-of-the-sky,[]
https://mubi.com/es/films/vaquero-del-mediodia,['7.8']
https://mubi.com/es/films/two-times-you,[]
https://mubi.com/es/films/malibu-2020,[]
https://mubi.com/es/films/the-good-girls,['7.5']
https://mubi.com/es/films/luciernagas,['7.6']
https://mubi.com/es/films/the-gasoline-thieves,['6.6']
https://mubi.com/es/films/birds-of-passage,['7.5']
https://mubi.com/es/films/museum-2018,['7.3']
https://mubi.com/es/films/bayoneta,['5.0']
https://mubi.com/films/the-mongolian-conspiracy,['5.3']
https://mubi.com/es/films/ni-tu-ni-yo,[]
https://mubi.com/es/films/nahui,[]
https://mubi.com/es/films/tod-s-caen,[]
https://mubi.com/es/films/the-chambermaid-2018,['7.6']
https://mubi.com/es/films/when-i-shut-my-eyes,[]
https://mubi.com/es/films/buy-me-a-gun,['7.5']
https://mubi.com/es/films/gigantes-descalzos,[]
https://mubi.com/es/films/retreat-2019,['6.0']
https://mubi.com/es/films/aftermath/ratings,[]
https://mubi.com/es/films/los-atardeceres-rojos,[]
https://mubi.com/es/films/ruinas-tu-reino,['8.0']
https://mubi.com/films/the-thunder-feast,[]
https://mubi.com/es/films/still-the-earth-moves-2017,['7.7']
https://mubi.com/es/films/casa-roshell,['7.2']
https://mubi.com/films/-1974,['6.0']
https://mubi.com/it/films/lucha-mexico,['5.4']
https://mubi.com/films/como-te-ves-me-vi,[]
https://mubi.com/es/films/omar-gloria,[]
https://mubi.com/es/films/chasing-niagara,[]
https://mubi.com/es/films/atras-hay-relampagos,['5.5']
https://mubi.com/es/films/romina,['3.1']
https://mubi.com/es/films/the-drawer-boy,[]
https://mubi.com/es/films/complices-2018,[]
https://mubi.com/es/films/yesterday-wonder-i-was,['6.7']
https://mubi.com/es/films/the-racer-and-the-jailbird/ratings,[]
https://mubi.com/es/films/la-cocina-de-las-patronas,[]
https://mubi.com/es/films/retrieving-paradise,[]
https://mubi.com/es/films/mexico-barbaro-ii,[]
https://mubi.com/es/films/boy-undone,['6.3']
https://mubi.com/es/films/guie-dani-s-navel,['7.4']
https://mubi.com/es/films/away-from-meaning,[]
https://mubi.com/es/films/mes-nuits-feront-echo,['7.1']
https://mubi.com/films/eres-mi-pasion,[]
https://mubi.com/es/films/mirreyes-contra-godinez,[]
https://mubi.com/es/films/ok-it-s-fine,['7.2']
https://mubi.com/films/seeds-against-dispossession,[]
https://mubi.com/es/films/sin-origen,[]
https://mubi.com/es/films/chicuarotes,['6.2']
https://mubi.com/es/films/el-club-de-los-idealistas,[]
https://mubi.com/es/films/i-m-no-longer-here,['7.7']
https://mubi.com/es/films/santuario,[]
https://mubi.com/es/films/this-is-not-berlin,['8.1']
https://mubi.com/es/films/looking-for-life,['7.3']
https://mubi.com/es/films/en-las-buenas-y-en-las-malas,[]
https://mubi.com/es/films/cindy-la-rega,['7.8']
https://mubi.com/es/films/colozio,['5.0']
https://mubi.com/films/y-como-es-el,[]
https://mubi.com/es/films/mezquite-s-heart,[]
https://mubi.com/es/films/no-manches-frida-2,[]
https://mubi.com/es/films/modern-loves,['7.3']
https://mubi.com/es/films/this-is-tomas,[]
https://mubi.com/es/films/la-nave-2019,[]
https://mubi.com/es/films/selva-tragica,['5.9']
https://mubi.com/es/films/all-the-freckles-in-the-world,['5.8']
https://mubi.com/es/films/the-box-2021-lorenzo-vigas,['7.8']
https://mubi.com/es/films/eliades-ochoa-from-cuba-to-the-world,[]
https://mubi.com/es/films/mariner-of-the-mountains,['8.8']
https://mubi.com/es/films/two-fridas,[]
https://mubi.com/es/films/pamparios,['6.6']
https://mubi.com/es/films/i-m-leaving-now,['6.6']
https://mubi.com/es/films/i-am-not-handsome,['8.7']
https://mubi.com/es/films/mi-hermano,[]
https://mubi.com/films/mist-of-guilt,[]
https://mubi.com/es/films/vatreni,[]
https://mubi.com/es/films/faust-2018,['7.0']
https://mubi.com/es/films/tuya-mia-te-la-apuesto,[]
https://mubi.com/es/films/grindstone-hand,[]
https://mubi.com/es/films/olimpia,['7.8']
https://mubi.com/es/films/tattoo-of-revenge,['5.1']
https://mubi.com/es/films/murderous-children,[]
https://mubi.com/es/films/i-made-this-movie-thinking-of-you,['6.5']
https://mubi.com/es/films/mamacita,['8.4']
https://mubi.com/es/films/drown-among-the-dead,['4.8']
https://mubi.com/es/films/titixe,['8.0']
https://mubi.com/es/films/m-1,[]
https://mubi.com/es/films/i-am-the-people-venezuela-under-populism,[]
https://mubi.com/es/films/the-best-thing-you-can-do-with-your-life,['6.2']
https://mubi.com/es/films/antigone-2018,['6.0']
https://mubi.com/films/patrimonio,[]
https://mubi.com/es/films/tiempo-de-lluvia,[]
https://mubi.com/es/films/desde-tu-infierno,[]
https://mubi.com/es/films/torre-x-torre,[]
https://mubi.com/es/films/solteras,['5.2']
https://mubi.com/es/films/the-still-life-of-harley-prosper,['6.0']
https://mubi.com/es/films/knife-heart,['7.6']
https://mubi.com/es/films/locura-al-aire,[]
https://mubi.com/films/nosotros-las-piedras,[]
https://mubi.com/es/films/hypnois-to-be-happy,[]
https://mubi.com/es/films/the-death-of-a-fashion-photographer,[]
https://mubi.com/es/films/the-voice-of-silence,[]
https://mubi.com/es/films/leona,['5.6']
https://mubi.com/films/the-year-of-the-plague,[]
https://mubi.com/es/films/dolores-2018,['5.4']
https://mubi.com/es/films/triton,[]
https://mubi.com/es/films/belmonte-2018,['6.2']
https://mubi.com/es/films/it-s-all-good-2018,['8.1']
https://mubi.com/es/films/women-on-the-verge-of-a-nervous-breakdown/ratings?page=3,[]
https://mubi.com/es/films/crimen-por-omision,[]
https://mubi.com/es/films/nobody-knows-i-m-here,[]
https://mubi.com/es/films/dias-de-invierno,[]
https://mubi.com/es/films/la-afinadora-de-arboles,[]
https://mubi.com/es/films/la-boda-de-mi-mejor-amigo,[]
https://mubi.com/es/films/ana-s-desire,[]
https://mubi.com/es/films/birdwatching-2019-andrea-martinez-crowther,[]
https://mubi.com/es/films/asphalt-goddess,[]
https://mubi.com/es/films/uncle-yim,[]
https://mubi.com/es/films/serpent-s-paradise,[]
https://mubi.com/es/films/divine-love,[]
https://mubi.com/films/que-les-paso-a-las-abejas,[]
https://mubi.com/es/films/a-costume-for-nicolas,[]
https://mubi.com/es/films/marionette-2018,[]
https://mubi.com/es/films/un-sentimiento-honesto-en-el-calabozo-del-olvido,[]
https://mubi.com/es/films/uzi,[]
https://mubi.com/es/films/to-see-you-again,[]
https://mubi.com/es/films/si-fueras-tu,[]
https://mubi.com/es/films/sanguinetti,[]
https://mubi.com/films/i-need-love,[]
https://mubi.com/es/films/se-escuchan-aullidos,[]
https://mubi.com/es/films/the-third-path,[]
https://mubi.com/es/films/silence-radio-2019,[]
https://mubi.com/es/films/sin-hijos,[]
https://mubi.com/es/films/sin-senas-particulares,[]
https://mubi.com/es/films/sisyphus-2019-nicolas-gutierrez-wenhammar,[]
https://mubi.com/es/films/soledad,[]
https://mubi.com/es/films/soren,[]
https://mubi.com/es/films/becoming-2021,[]
https://mubi.com/es/films/prayers-for-the-stolen,[]
https://mubi.com/es/films/nudo-mixteco,[]
https://mubi.com/es/films/oblatos-epic-flight-into-the-night,[]
https://mubi.com/es/films/oliver-the-pool,[]
https://mubi.com/es/films/bunker-2021,[]
https://mubi.com/es/films/the-mighty-victoria,[]
https://mubi.com/es/films/paper-boats,[]
https://mubi.com/es/films/prince-of-peace-2019,[]
https://mubi.com/es/films/mutiny-of-the-worker-bees,[]
https://mubi.com/es/films/red-privada-quien-mato-a-manuel-buendia,[]
https://mubi.com/es/films/malintzin-the-story-of-an-enigma,[]
https://mubi.com/es/films/the-water-2022,[]
https://mubi.com/films/in-the-mood-for-love/ratings?page=9,[]
https://mubi.com/es/films/memoria-2021,[]
https://mubi.com/es/films/mexzombies/ratings,[]
https://mubi.com/es/films/mirame,[]
https://mubi.com/es/films/monarca,[]
https://mubi.com/es/films/muerte-al-verano,[]
https://mubi.com/es/films/negra,[]
https://mubi.com/es/films/nerea,[]
https://mubi.com/es/films/ni-tuyo-ni-mia,[]
https://mubi.com/es/films/nido-de-mantis,[]
https://mubi.com/es/films/a-girl-alone,[]
https://mubi.com/es/films/la-revo-sing-a-song-of-love,[]
https://mubi.com/es/films/the-shadow-of-the-desert-or-paradise-lost,[]
https://mubi.com/es/films/jairo-s-revenge,[]
https://mubi.com/es/films/the-spokeswoman,[]
https://mubi.com/es/films/the-night-flowers,[]
https://mubi.com/es/films/the-healers,[]
https://mubi.com/es/films/my-boyfriend-s-meds,[]
https://mubi.com/es/films/these-peculiar-days,[]
https://mubi.com/films/identidad-tomada,[]
https://mubi.com/es/films/inevitable,[]
https://mubi.com/es/films/infection-2019,[]
https://mubi.com/es/films/jericajazz-jazz-from-wetland,[]
https://mubi.com/es/films/la-asfixia,[]
https://mubi.com/es/films/holy-beasts,[]
https://mubi.com/films/the-invisible-frontier,[]
https://mubi.com/es/films/la-mami,[]
https://mubi.com/es/films/the-other-tom,[]
https://mubi.com/es/films/la-liga-de-los-5,[]
https://mubi.com/es/films/the-king-of-the-party,[]
https://mubi.com/es/films/the-king-of-the-whole-world,[]
https://mubi.com/es/films/glancing-at-power,[]
https://mubi.com/films/wilderness-2020,[]
https://mubi.com/es/specials/love-triangle,[]
https://mubi.com/es/films/forgiveness-2020,[]
https://mubi.com/es/films/fractal,[]
https://mubi.com/es/films/gods-of-mexico,[]
https://mubi.com/es/films/domingo-2020,[]
https://mubi.com/es/films/el-amarre,[]
https://mubi.com/es/films/dance-of-the-41,[]
https://mubi.com/es/films/devil-between-the-legs,[]
https://mubi.com/es/films/guiexhuba,[]
https://mubi.com/es/films/el-futuro,[]
https://mubi.com/es/films/el-gallinero,[]
https://mubi.com/es/films/el-hoyo-en-la-cerca,[]
https://mubi.com/es/films/the-place-of-the-three-waterfalls-little-stories-of-hiroshima,[]
https://mubi.com/es/specials/short-films,[]
https://mubi.com/es/films/45-days-in-harbar,[]
https://mubi.com/es/films/-499,[]
https://mubi.com/es/films/the-gigantes,[]
https://mubi.com/es/films/amalgama,[]
https://mubi.com/es/films/apapacho,[]
https://mubi.com/films/shiny-weapons,[]
https://mubi.com/es/films/at-anii,[]
https://mubi.com/films/bad-hombres,[]
https://mubi.com/es/films/aztech,[]
https://mubi.com/es/films/bestia-2021,[]
https://mubi.com/es/films/birth-wars,[]
https://mubi.com/es/films/summer-white,[]
https://mubi.com/es/films/wintersong,[]
https://mubi.com/es/films/caballerango,[]
https://mubi.com/es/films/c-i-a,[]
https://mubi.com/es/films/comala,[]
https://mubi.com/es/films/conversaciones-2020,[]
https://mubi.com/es/films/out-of-the-clear-blue-sky,[]
https://mubi.com/es/films/cosas-imposibles,[]
https://mubi.com/es/films/cuidado-con-lo-que-deseas,[]
https://mubi.com/films/drawings-against-bullets,[]
https://mubi.com/es/films/things-we-dare-not-do,[]
https://mubi.com/es/films/diorama-2022/trailer,[]
https://mubi.com/films/vaychiletik,[]
https://mubi.com/es/films/journey-to-the-shore/ratings,[]
https://mubi.com/films/non-western,[]
https://mubi.com/es/films/octopus-skin,[]
https://mubi.com/es/films/off-the-road-2020,[]
https://mubi.com/films/sexo-pudor-y-lagrimas-2,[]
https://mubi.com/es/films/siberia-2017,[]
https://mubi.com/es/films/i-carry-you-with-me,[]
https://mubi.com/es/films/soy-yo-charlie-monttana,[]
https://mubi.com/es/films/my-tender-matador,[]
https://mubi.com/es/films/the-infinite-race,[]
https://mubi.com/es/films/duration-landscape-cornfield/ratings,[]
https://mubi.com/es/films/kokoloko,[]
https://mubi.com/films/helios-suitcase,[]
https://mubi.com/es/films/the-three-deaths-of-marisela-escobedo,[]
https://mubi.com/es/films/marino-and-esmeralda,[]
https://mubi.com/es/films/menendez-the-day-of-the-lord,[]
https://mubi.com/es/films/my-girlfriend-is-the-revolution,[]
https://mubi.com/es/films/tonalli,[]
https://mubi.com/es/films/wood-and-water,[]
https://mubi.com/es/films/don-t-go-to-school-tomorrow,[]
https://mubi.com/es/films/50-or-two-whales-meet-at-the-beach,[]
https://mubi.com/es/films/ahi-te-encargo,[]
https://mubi.com/es/films/mother-s-love-2022,[]
https://mubi.com/es/films/spouses,[]
https://mubi.com/es/films/annette,[]
https://mubi.com/es/films/las-criaturas-que-se-derriten-bajo-el-sol,[]
https://mubi.com/es/films/dos-estaciones,[]
https://mubi.com/es/films/xico-s-journey,[]
https://mubi.com/es/films/el-hombre-bufalo,[]
https://mubi.com/es/films/a-dangerous-practice,[]
https://mubi.com/es/films/the-secret-of-doctor-grinberg,[]
https://mubi.com/es/films/the-intruder-2020,[]
https://mubi.com/es/films/the-shape-of-things-to-come-2021,[]
https://mubi.com/es/films/fauna-2020,[]
https://mubi.com/es/films/play-god/ratings,[]
https://mubi.com/es/films/mama-o-papa,[]
https://mubi.com/es/films/what-will-you-do-when-god-dies,[]
https://mubi.com/es/films/what-have-we-done-wrong,[]
https://mubi.com/es/films/agua-rosa,[]
https://mubi.com/es/films/mutts,[]
https://mubi.com/es/films/alebrijes,[]
https://mubi.com/es/films/limbo-2021,[]
https://mubi.com/films/beba,[]
https://mubi.com/es/films/book-of-love-2022,[]
https://mubi.com/es/films/dirty-feathers,[]
https://mubi.com/es/films/oblivion-district,[]
https://mubi.com/es/films/this-is-not-a-comedy,[]
https://mubi.com/es/films/the-one-amongst-the-shadows,[]
https://mubi.com/films/the-substitute-2022,[]
https://mubi.com/es/films/the-trip-2022,[]
https://mubi.com/es/films/paty-s-journey/trailer,[]
https://mubi.com/films/the-torch-of-failure/trailer,[]
https://mubi.com/es/films/fiesta-nacional,[]
https://mubi.com/es/films/estacion-catorce/trailer,[]
https://mubi.com/es/films/finlandia-2021,[]
https://mubi.com/films/hope-soledad,[]
https://mubi.com/es/films/huesera,[]
https://mubi.com/es/films/immersion-2021,[]
https://mubi.com/es/films/instructions-to-let-go,[]
https://mubi.com/es/films/karnawal,[]
https://mubi.com/es/films/caida,[]
https://mubi.com/es/films/la-civil,[]
https://mubi.com/es/films/carried-away-and-returned,[]
https://mubi.com/es/films/the-hostilities,[]
https://mubi.com/films/lo-que-queda-en-el-camino,[]
https://mubi.com/es/films/la-recua-the-mule-pack-train,[]
https://mubi.com/es/films/los-hermosos-vencidos,[]
https://mubi.com/es/films/the-founders-2021,[]
https://mubi.com/films/the-black-minutes,[]
https://mubi.com/es/films/los-plebes,[]
https://mubi.com/es/films/luchadoras,[]
https://mubi.com/es/films/mostro,[]
https://mubi.com/films/i-don-t-want-to-be-dust,[]
https://mubi.com/films/they-made-us-the-night,[]
https://mubi.com/es/films/we-will-never-belong,[]
https://mubi.com/films/father-pablo,[]
https://mubi.com/es/films/plaza-catedral,[]
https://mubi.com/es/films/pobo-tzu,[]
https://mubi.com/es/films/ruido-2020,[]
https://mubi.com/es/films/i-can-t-do-it-without-you,[]
https://mubi.com/es/films/te-nombre-en-el-silencio,[]
https://mubi.com/es/films/the-cartel-project,[]
https://mubi.com/es/films/the-juniors-and-the-imperial-substance,[]
https://mubi.com/es/films/transition-2021,[]
https://mubi.com/es/films/journeys-2021,[]
https://mubi.com/films/triangle-of-sadness,[]
https://mubi.com/es/films/a-place-called-dignity,[]
https://mubi.com/es/films/for-diego,[]
https://mubi.com/es/films/users-2021,[]
https://mubi.com/es/films/to-live-life-like-jazz,[]