Film,Director,imdburl
Día seis,Juan Pablo Arroyo Abraham,https://www.imdb.com/title/tt4810318/
Aquí sigo,Lorenzo Hagerman,https://www.imdb.com/title/tt5639696/
Los paisajes,Rodrigo Cervantes,https://www.imdb.com/title/tt6118432/
William El nuevo maestro del judo,Ricardo Silva  Omar Guzmán,https://www.imdb.com/title/tt6497968/
Un caballo llamado Elefante,Andrés Waissbluth,https://www.imdb.com/title/tt3685570/
Bruma,Max Zunino,https://www.imdb.com/title/tt5348766/
Llegando a casa Rayados de Monterrey,Fernando Kalife,https://www.imdb.com/title/tt5518174/
Conversaciones con Mono Blanco,Jaime Cruz,https://www.imdb.com/name/nm3319309/
Soneros son,Jorge Curioca,https://www.imdb.com/title/tt5517974/
Oso polar,Marcelo Tobar,https://www.imdb.com/title/tt5049580/
Tipo de cambio,Sharon Alpuche,https://www.imdb.com/title/tt4705018/
A pie,Silverio Palacios,https://www.imdb.com/title/tt0138704/
Casa caracol,Jean-Marc Rousseau Ruiz,https://www.imdb.com/title/tt5017324/
Túnel 19,Pitipol Ybarra,https://www.imdb.com/title/tt9049042/
Yuanfen,Rafael Reséndiz Durán,https://www.imdb.com/title/tt10131362/
El vecino,Giancarlo Ruiz,https://www.imdb.com/title/tt9731222/
Heroyna,Alejandro Solórzano Garibaldi,https://www.imdb.com/title/tt0436385/
Julián,Izrael Moreno,https://www.imdb.com/name/nm0432179/
La jaula,Juan Pablo Blanco,https://www.imdb.com/title/tt4388128/
Los que no saben volar,Hill Díaz,https://www.imdb.com/title/tt3262096/
Morir de amor,Jorge Araujo,https://www.imdb.com/title/tt4111828/
Nocturno,Luis Ayhllón Flores,https://www.imdb.com/title/tt11044858/
Nunca jures por la luna,Teo Martínez,https://www.imdb.com/title/tt5324962/
Ovnis en Zacapa,Marcos Machado Loría,https://www.imdb.com/title/tt4467714/
Palomar,Luis R. Garza,https://www.imdb.com/title/tt6764776/
Sinestesia,Rodrigo Ortega Ortuño,https://www.imdb.com/title/tt1578135/
Yacuna El amor a la vida,Eustaquio del Río,https://www.imdb.com/title/tt5828754/
Zanjas,Francisco Joaquín Paparella,https://m.imdb.com/title/tt3715392/?language=es-mx
Plan Virgen,Roberto Fiesco,https://www.imdb.com/title/tt7217826/
Alba,Ana Cristina Barragán,https://www.imdb.com/title/tt12446242/
Baño de vida,Dalia R. Reyes,https://www.imdb.com/title/tt5934544/
Mi sangre enarbolada,Luis Palomino Benítez,https://www.imdb.com/title/tt6299424/
El ocaso de las diosas,Carlos Mignon,https://www.imdb.com/title/tt5929868/
Lupe bajo el sol,Rodrigo Reyes,https://www.imdb.com/title/tt4529768/
Pacífico,Fernanda Romandía,https://www.imdb.com/title/tt4634974/
El Alien y yo,Jesús Magaña Vázquez,https://www.imdb.com/title/tt5153158/
La vida inmoral de la pareja ideal,Manolo Caro,https://www.imdb.com/title/tt5488854/
La leyenda del Chupacabras,Alberto Rodríguez,https://www.imdb.com/title/tt5591458/
Sin dios y sin diablo. Jaime Sabines y sus lectores,Claudio Isaac,https://www.filminlatino.mx/catalogo/tema/personaje-escritor
Un padre no tan padre (antes/previously El patriarca),Raúl Martínez,https://www.imdb.com/title/tt4958468/
Mientras el lobo no está,Joseph Hemsani,https://www.imdb.com/title/tt3296156/
Helena (antes/previously Julieta),Alejandro Sugich,https://www.imdb.com/title/tt4016662/
Tus feromonas me matan,Juan Carlos de Llaca,https://www.imdb.com/title/tt5508224/
Mis demonios nunca juraron soledad,Jorge Leyva,https://www.imdb.com/title/tt4828018/
La pierde almas (antes/previously Moronga),John Dickie,https://www.imdb.com/title/tt4247172/
La voz de un sueño (antes/previously Gotas de Rocío),Analeine Cal y Mayor Martínez del Cerro,https://www.imdb.com/title/tt6394158/
La negrada (Black People),Jorge Pérez Solano,https://www.imdb.com/title/tt7583568/
Hasta los dientes,Alberto Saúl Arnaut Estrada,https://www.imdb.com/title/tt7609436/
Día de Muertos,Danny Huston,https://www.imdb.com/title/tt4500214/
El guardián de la memoria,Marcela Arteaga Esquerra,https://www.imdb.com/title/tt11206854/
La promesa,Óscar Alberto Blancarte,https://www.imdb.com/title/tt2199826/
El filósofo y los toros (antes/previously Un filósofo en la arena),Aarón Fernández  Jesús Muñoz,https://www.imdb.com/title/tt9701558/
3 idiotas,Carlos Bolado,https://www.imdb.com/title/tt3685624/
La gran promesa (antes/previously Caja oscura),Jorge Ramírez Suárez,https://www.imdb.com/title/tt4776998/
Camino a Marte,Humberto Hinojosa,https://www.imdb.com/title/tt5164446/
Los adioses (antes/previously Guerra),Natalia Beristáin,https://www.imdb.com/title/tt10366574/
Amanda (antes/previously Cómo cortar a tu patán),Gabriela Tagliavini,https://www.imdb.com/title/tt5473706/
Cómo matar a un esposo difunto,Conrado Martínez,https://www.imdb.com/title/tt6356228/
El día del temblor (antes/previously 1985),Kuno Becker,https://www.imdb.com/title/tt0804986/?language=es-mx
¡Como va! Lo más sencillo es complicarlo todo,René Bueno,https://www.imdb.com/title/tt5507934/
Todos aman a alguien,Catalina Aguilar Mastretta,https://www.imdb.com/title/tt5537228/
Restos de viento,Ximena Montemayor,https://www.imdb.com/title/tt4935898/
Las siete muertes (antes/previously Las muertes de Lucía B),Gerardo Herrero,https://www.imdb.com/title/tt5922328/releaseinfo/
Café: alma y resistencia,Alejandro Díaz San Vicente,https://www.imdb.com/title/tt1436572/
Torre,Juan Obregón,https://www.imdb.com/title/tt9676024/
Coatí,Rodrigo Pérez Castro,https://www.imdb.com/title/tt7974634/
Noches de julio,Axel Mishael Muñoz Barba,https://www.imdb.com/title/tt6544838/
Ciudad,Carlos Federico Rossini  Everardo González Reyes  Nicolás Echeverría Ortiz  Tatiana Ixquic Huezo Sánchez  Paul Leduc Rosenzweig,https://www.imdb.com/title/tt0840361/
Roma,Alfonso Cuarón,https://www.imdb.com/title/tt6155172/
El vendedor de orquídeas,Lorenzo Vigas,https://www.imdb.com/title/tt7378060/
Tote (Abuelo),María Dolores Arias,https://www.imdb.com/title/tt12576364/
Mover un río,Alba Herrera Rivas,https://www.imdb.com/title/tt0058203/
Gone Missing. El último viaje de Juan Viejo,Till Cöster,https://www.imdb.com/title/tt3699660/
Zama,Lucrecia Martel,https://www.imdb.com/title/tt3409848/
Guerrero,Ludovic Bonleux,https://www.imdb.com/title/tt6749240/
Maricarmen,Sergio Adrián Morkin,https://www.imdb.com/title/tt6683082/
Notas para no olvidar,Hatuey Joaquín Viveros,https://www.filmaffinity.com/es/film223514.html
Una corriente salvaje,Nuria Ibáñez Castañeda,https://www.imdb.com/title/tt9346782/
Laberinto Yoéme,Sergi Pedro Ros,https://www.imdb.com/title/tt11383990/
La ley del monte,Mario Mandujano,https://www.imdb.com/title/tt0308503/
El refugio de los insomnes,José Giordano,https://www.imdb.com/title/tt6719840/
Takeda,Yaasib Álvaro Vázquez,https://www.imdb.com/title/tt4425350/
Rita,Arturo Díaz Santana,https://www.imdb.com/title/tt1973692/
Mente revólver,Alejandro Ramírez Corona,https://www.imdb.com/title/tt6097248/
El baile y el salón,Iván Porras,https://www.imdb.com/title/tt0254745/
Un buen sabor de boca,Jaime Humberto Hermosillo,https://m.imdb.com/name/nm4261659/fullcredits
Opus Zero,Daniel Graham,https://www.imdb.com/title/tt6195904/
La boda de Valentina,Marcopolo Constance,https://www.imdb.com/title/tt4823538/
La misma sangre,Ángel Linares,https://www.imdb.com/title/tt5687236/
Cría puercos,Ehécatl García Jiménez,https://www.imdb.com/title/tt5900596/
A ti te quería encontrar,Javier Colinas,https://www.imdb.com/title/tt6236142/
Escuela para seductores,Giovanna Zacarías,https://www.imdb.com/title/tt3890536/
Rush Hour,Luciana Kaplan,https://www.imdb.com/title/tt0120812/
Cuando los hijos regresan,Hugo Lara,https://www.imdb.com/title/tt3281920/
Moctezuma y yo,Issa López,https://www.imdb.com/title/tt6131126/
Viviana Rocco. Yo trans,Daniel Reyes,https://www.imdb.com/title/tt5442562/
Dispositio,Nila Guiss,https://www.imdb.com/title/tt2983340/
Los años azules,Sofía Gómez Córdova,https://www.imdb.com/title/tt4922008/
Silenciosa,Sofía Medrano,https://www.imdb.com/title/tt5323662/
Ayotzinapa 26,Fernando Eimbcke  Abraham Escobedo Salas  Dr. Alderete  Paula Markovitch  Aarón Fernández  Julien Devaux  François Olislaeger  Bruno Bichir  Hari Sama  Kenya Márquez  Alberto Reséndiz  Sebastián Hoffman  Jorge Bolado  Pablo Fulguería  Lucía Gajá  Ludovic Bonleux  Mariana Rodríguez  Christine Burkhard  Alex Noppel  Marcello Sahea  Ricardo del Conde  Viviana García.,https://www.imdb.com/title/tt12986174/
Algo de todos,Isabel María,https://www.imdb.com/title/tt6538340/
Humboldt en México. La mirada del explorador,Ana Cruz Navarro,https://www.imdb.com/title/tt7645032/
Mientras se espera,Paola Villanueva,https://www.imdb.com/title/tt5759064/
American Curious,Gabylú Lara,https://www.imdb.com/title/tt5290196/
Donde se quedan las cosas,Daniela Silva Solórzano,https://www.imdb.com/title/tt5195878/
A toca do lobo,Catarina Mourão,https://www.imdb.com/title/tt4659808/
Entre pasos y sonidos,Elizabeth Piña Hernández,https://www.imdb.com/title/tt0282949/?language=es-mx
Los quijotes de la marcha,Florencia Davidzon,https://www.imdb.com/title/tt4097228/
País desfragmentado y desigual. De los derechos a los hechos,Araceli Martínez Pérez,https://www.imdb.com/title/tt0211769/
Qué comience la función,Mayra Alejandra Toscano Villicaña,https://www.imdb.com/title/tt7622538/
La nueva Medellín,Catalina Villar,https://www.imdb.com/title/tt5539404/
Sonali,Paulina Urreta,https://www.imdb.com/name/nm0007114/
Suelo mirar al cielo,Liliana Cortés González,https://www.imdb.com/title/tt9104622/
Por donde pasa el diablo,Sofía Castillo  Margot Florestorre,https://www.imdb.com/title/tt4076760/
Sobre tus huellas,Luis Yduñate,https://www.imdb.com/title/tt5932632/
El sonido de las células,Martín Amilcar,https://www.imdb.com/title/tt6160448/
Mi padrino,Beto Gómez,https://www.imdb.com/title/tt0323241/
Ni un minuto que perder,Luis Eduardo Reyes,https://www.imdb.com/title/tt0119807/
Territorio Leonora,Gibrán Bazán,https://www.imdb.com/title/tt8235050/
Welcome to Acapulco,Guillermo Iván,https://www.imdb.com/title/tt6047374/
Paraíso en Auschwitz,Aarón Cohen,https://www.imdb.com/title/tt5676108/
Desayuno de perros (Dog ́s Breakfast),Rich Valverde,https://www.imdb.com/title/tt0796314/
El lugar de las flores,Héctor I. Jiménez,https://www.imdb.com/title/tt8387348/
El ruiseñor y la noche. Chavela Vargas canta a Lorca,Rubén Rojo Aura,https://www.imdb.com/title/tt4576332/?language=es-mx
Norte estrecho,Omar L. Villarroel,https://www.imdb.com/title/tt2656420/
Nueva Venecia,Emiliano Mazza de Luca,https://www.imdb.com/title/tt5374000/
Pies ligeros,Juan Carlos Núñez Chavarría,https://www.imdb.com/title/tt11162992/
Shih,Bruno Zafforra  Rafael Ortega,https://www.imdb.com/title/tt3154474/
La coartada perfecta (The Hit Producer),Kevin de la Isla,https://www.imdb.com/title/tt2544624/?language=es-mx
Historia de dos que soñaron,Nicolás Pereda  Andrea Bussmann,https://www.milenio.com/cultura/laberinto/ennio-morricone-sergio-leone-genios-sonaron-america
Histeria,Carlos Meléndez,https://www.imdb.com/title/tt0175738/
Malacrianza,Arturo Menéndez,https://www.imdb.com/title/tt3279818/
Forward,Henry Bedwell,https://www.imdb.com/title/tt8526168/
Las letras,Pablo Chavarría Gutiérrez,https://www.imdb.com/title/tt5205698/
La niña de la mina,Jorge Eduardo Ramírez,https://www.imdb.com/title/tt3995766/
Pink,Paco del Toro,https://www.imdb.com/name/nm0600877/
Teokari Compañero de camino,Salvador Espinosa Orozco,https://m.imdb.com/title/tt4319230/releaseinfo/
Erosión,Carlos Underwood  Sergio Santiago,https://www.imdb.com/title/tt0377864/
Mirar morir El ejército en la noche de Iguala,Coizta Grecko,https://www.imdb.com/title/tt11268758/
Eva no duerme,Pablo Argüero,https://www.imdb.com/title/tt2953182/
Mañana psicotrópica,Alexandro Aldrete,https://www.imdb.com/title/tt3611996/
Pistola de juguete,Adolfo López,https://www.imdb.com/title/tt7597790/
Las aventuras de Itzel y Sonia (antes/previously Itzel y Sonia en busca de los Guardianes del Agua),Fernanda Rivero Gutiérrez,https://www.dreff.org/2016/como-ser-guardianes-del-agua-las-aventuras-de-itzel-y-sonia-llega-a-los-ninos-y-ninas-de-constanza/?lang=en
Minezota,Carlos Enderle,https://www.imdb.com/title/tt0116289/
3 mujeres (o despertando de mi sueño bosnio) 3 zene (or Waking Up From My Bosnian Dream),Sergio Flores Thorija,https://www.imdb.com/title/tt5351352/
La selva negra,Saúl Kak  Charles Fairbanks,https://www.imdb.com/title/tt0037839/?language=es-mx
Mientras se busca al diablo,Danniel Danniel  Diego Gutiérrez,https://www.imdb.com/title/tt1588170/
Mexicanos de bronce,Julio Jesús Fernández Talamantes,https://www.imdb.com/title/tt6877886/
Santa Teresa y otras historias,Nelson de los Santos Arias,https://www.imdb.com/title/tt5227588/
"Treintona, soltera y fantástica",Chava Cartas,https://www.imdb.com/title/tt4829436/
La vieja escuela,Alejandro Soltero,https://www.imdb.com/title/tt4068056/
El chico de Oklahoma,Julio Carlos Ramos Zapata,https://www.imdb.com/title/tt0031747/
Panoramas,Rodrigo Guardiola  Gabriel Cruz Rivas,https://www.imdb.com/title/tt5158844/
Bonsai,Alex Andonie,https://www.imdb.com/title/tt1913002/
El salmón,Janett Juárez  Ricardo Martez,https://www.imdb.com/title/tt9202704/
Casi paraíso,Pablo Narezo,https://www.imdb.com/title/tt6117646/
La muñeca fea,Claudia López García  George Reyes,https://www.imdb.com/title/tt1727333/
Te prometo nunca regresar,Pepe Gutiérrez García,https://www.imdb.com/title/tt2378281/
El navegante de fin de semana (The Weekend Sailor),Bernardo Arsuaga,https://www.imdb.com/title/tt4880942/
En la periferia,Alberto Zúñiga Rodríguez,https://www.imdb.com/title/tt8291284/
El mural no es como lo pintan,Paula Calzada  Héctor Falcón Villa  Karol Yáñez,https://www.imdb.com/title/tt5525360/
La huésped,Pedro Pablo de Antuñano Padilla,https://www.imdb.com/title/tt1517260/
Allá en la Costa Grande,Érick Rams,https://www.imdb.com/title/tt7072832/
El ombligo del cocoshle,David Antonio Martínez Pinacho,https://www.imdb.com/title/tt14668630/
El tercer espacio,Nejemye Tenenbaum,https://www.imdb.com/title/tt5242034/
Bastidores,Anaïs Huerta  Carlos Mignon  Bruno Bancalari  Paulina del Paso  Raúl Cuesta  Rodrigo VVG  Carlos Muñoz  Juliana Gómez,https://www.imdb.com/title/tt0489894/
Hermanos,Laura Plancarte,https://www.imdb.com/title/tt2677972/
Vidas con sabor,Pablo Gasca Gollás,https://www.imdb.com/title/tt4298958/
Las reglas de la ruina,Víctor Osuna,https://www.imdb.com/title/tt5955792/
Nerdertal,Ricardo Gómez Villanueva,https://www.imdb.com/title/tt0495932/
Jondo,Alfredo Ruiz,https://www.imdb.com/title/tt17056432/
Poor People Relax Me,Miguel Ferráez  Clara Winter,https://www.imdb.com/title/tt7853128/
Cuando la vida no vale nada El mural,Ricardo Arenas,https://www.imdb.com/title/tt0047654/
The Public Image is Rotten,Tabbert Fiiller,https://www.imdb.com/title/tt6794466/
Calypsonians,Anghelo Taylor  Damien Prouvost,https://www.imdb.com/title/tt5368532/
Tatami El lugar menos hostil,David Torres,https://www.imdb.com/title/tt6384732/
La leyenda del Charro Negro,Alberto Rodríguez,https://www.imdb.com/title/tt6772418/
Detrás de la máscara La película documental de Rayo de Plata,Anubis Alejandro López Martínez,https://www.imdb.com/name/nm1494754/
Le Bouquiniste (El buquinista),Gibrán Bazán,https://www.imdb.com/title/tt4429814/
Feliz año Tijuana,Andrew van Baal,https://www.imdb.com/title/tt6096192/
Después del azul,Octavio Gasca,https://www.imdb.com/title/tt13285342/
La segunda dama,Omar Oswaldo G. Aceves,https://www.imdb.com/title/tt7457166/
Incertidumbre,Haroldo Fajardo,https://www.imdb.com/title/tt0181596/
Vlog Vampire,Mayen Briem,https://www.imdb.com/title/tt6754322/?language=es-mx
Etapas,Juan Pablo Cantú,https://www.imdb.com/title/tt9067174/
El callejón,Carolina Duarte,https://www.imdb.com/title/tt5586700/
"I am God, Dogma I",Jorge Bolado,https://www.imdb.com/title/tt0120655/
El día que conocí a María,Orlando Álvarez  Ariana García,https://www.imdb.com/name/nm0737938/
Entraña,Jair Torres Baizabal,https://www.imdb.com/title/tt12020214/
El fin de la virtud,Abel B. Zuni,https://www.imdb.com/title/tt5246700/
Hale Bopp,Jarib Zagoya Montiel,https://www.imdb.com/title/tt0299958/
La palabra de Pablo,Arturo Menéndez,https://www.imdb.com/title/tt5594352/
La caótica vida de Nada,Marta Hernaiz Pidal,https://www.imdb.com/title/tt7933544/
La batalla del volcán,Julio López Fernández,https://www.imdb.com/title/tt10464450/
Jazmines en Lídice,Rubén Sierra Salles,https://www.imdb.com/title/tt8141270/
Yo Fausto,Julio Berthely,https://www.imdb.com/title/tt7157990/
Island of the Dolls (La Isla de las muñecas),Sebastián Mantilla,https://www.imdb.com/title/tt4423788/
Arritmia,Gibrán Bazán,https://www.imdb.com/title/tt10096850/
 Las hijas de Abril,Michel Franco,https://www.imdb.com/title/tt6397762/
 Gente de mar y viento,Ingrid Eunice  Fabián González,https://www.imdb.com/title/tt4164034/?language=es-mx
 Al otro lado del muro,Pau Ortiz,https://www.imdb.com/title/tt7526286/
 Verónica,Carlos Algara  Alejandro Martínez Beltrán,https://www.imdb.com/title/tt5862312/
 Hazlo como hombre,Nicolás López,https://www.imdb.com/title/tt6046212/
 El silencio es bienvenido,Gabriela García Rivas,https://www.imdb.com/title/tt6436212/
 Artemio,Sandra Luz López Barroso,https://www.imdb.com/title/tt9036124/
 Witkin & Witkin. Un fotógrafo y un pintor,Trisha Ziff,https://www.imdb.com/title/tt7052118/?language=es-mx
 Casi una gran estafa,Guillermo Barba,https://www.imdb.com/title/tt6281428/
Feral,Andrés Eichelmann Kaiser,https://www.imdb.com/title/tt6937878/
Nadie sabrá nunca,Jesús Torres,https://www.imdb.com/title/tt8251336/
El habitante,Guillermo Amoedo,https://www.imdb.com/title/tt6830412/
Siempre andamos caminado,Dinazar Urbina Mata,https://www.imdb.com/title/tt11284264/
La compañía que guardas,Diego Gutiérrez,https://www.imdb.com/title/tt9115624/
Una mujer sin filtro,Luis Eduardo Reyes,https://www.imdb.com/title/tt7517054/
El sembrador,Melissa Elizondo Moreno,https://www.imdb.com/title/tt7238368/
Mapa de sueños latinoamericanos,Martín Weber,https://www.imdb.com/title/tt7954194/
Pacífico Norte,Valentina Sachetti,https://www.imdb.com/title/tt5046974/
Una isla en el continente,Juan Pablo Miquirray,https://www.imdb.com/title/tt9740608/
La lengua de la lluvia/Tu ́un savi,Uriel López España,https://www.imdb.com/title/tt5919394/releaseinfo/
Detrás de la montaña,David R. Romay,https://www.imdb.com/title/tt4823494/
Donde nace la vida,Carlos Reygadas,https://www.imdb.com/news/ni59102241
El actor principal,Paula Markovitch,https://www.imdb.com/title/tt7907250/
Clases de historia,Marcelino Islas Hernández,https://www.imdb.com/title/tt6303018/
La mala noche,Gabriela Calvache,https://www.imdb.com/title/tt0089537/
Ricochet,Rodrigo Fiallega,https://www.imdb.com/title/tt0102789/
Vaquero del medio día,Alicia Cárdenas,https://www.imdb.com/title/tt11056990/
Hasta que la boda nos separe,Santiago Limón,https://www.imdb.com/title/tt9519642/
Los inquilinos,Iria Gómez Concheiro,https://www.imdb.com/title/tt4876524/
Azul intenso,Roberto Hernández Ruiz,https://www.imdb.com/title/tt12564342/
Los poetas del cielo,Emilio Maillé,https://www.imdb.com/title/tt6683360/
Daniela y Tania,Salomón Askenazi,https://www.imdb.com/title/tt0211797/characters/nm0400069
"Tlalocan, bajo la ciudad de los dioses",Juan Roberto Mora Catlett  Carlos Rodrigo Montes,https://www.imdb.com/title/tt0063173/
Los hermanos Márquez Castillo,Mark Alazraki  Fernando Rovzar,https://www.imdb.com/title/tt6507682/
Luciérnagas,Bani Khoshnoudi,https://www.imdb.com/title/tt8159302/
Malibú,Víctor Manuel Velázquez,https://www.imdb.com/title/tt13535964/
Las niñas bien,Alejandra Márquez Abella,https://www.imdb.com/title/tt7482212/
Guachicolero,Edgar Nito,https://www.imdb.com/title/tt8000734/
Allá en el rancho,Rafael Montero,https://www.imdb.com/title/tt0040088/
Loca por el trabajo,Luis Eduardo Reyes,https://www.imdb.com/title/tt7126758/
Pájaros de verano,Ciro Guerra  Cristina Gallego,https://www.imdb.com/title/tt6386748/
Asfixia,Kenya Márquez,https://www.imdb.com/title/tt6560352/
La marca del demonio,Armando Casas,https://www.imdb.com/title/tt7263040/
El ídolo,Erwin Neumaier,https://www.imdb.com/title/tt6976274/
Compulsión,Batán Silva,https://www.imdb.com/title/tt7021758/
Museo,Alonso Ruizpalacios,https://www.imdb.com/title/tt4958448/
Dibujando el cielo,Ana Laura Calderón Montiel,https://www.imdb.com/title/tt4878984/
El complot mongol,Sebastián del Amo,https://www.imdb.com/title/tt0264494/
Bayoneta,Kyzza Terrazas,https://www.imdb.com/title/tt6472116/
La ruta de los caídos,Alejandro Springall,https://www.imdb.com/title/tt6833964/
Ni tú ni yo,Noé Santillán-López,https://www.imdb.com/title/tt5878590/
El pequeño gran hombre,Jorge Ramírez-Suárez,https://www.imdb.com/title/tt3680820/
Souvenir,Armond Cohen,https://www.imdb.com/title/tt6920356/
Placa de acero,Abe Rosenberg,https://www.imdb.com/title/tt4498152/
Ni tú ni nadie,Gabriel Guzmán,https://www.imdb.com/title/tt0460881/
Nahui,Gerardo Tort,https://www.imdb.com/title/tt5363028/
 Si yo fuera tú,Alejandro Lubezki,https://www.imdb.com/title/tt7251488/
 Más allá de la herencia,Alejandro González Padilla,https://www.imdb.com/title/tt9336434/
 Tod@s caen,Ariel Winograd,https://www.imdb.com/title/tt7549776/
"Emma, Dios y el fútbol",Julio Bárcenas,https://www.imdb.com/title/tt9109490/
Cómprame un revólver,Julio Hernández Cordón,https://www.imdb.com/title/tt7425520/
Los vientos de Santa Ana,Samuel Isamu Kishi Leopo,https://www.imdb.com/title/tt1600880/?language=es-mx
La camarista,Lila Deisse Avilés Solís  Juan Carlos Márquez Cervantes,https://www.imdb.com/title/tt8331988/
La perla de Marina,Daniela Elena Alatorre,https://www.imdb.com/name/nm4500419/
Cuando cierro los ojos,Michelle Enedina,https://www.imdb.com/title/tt10120830/
"Cometa. Él, su perro y su mundo",Leonardo Arturo Domínguez,https://www.imdb.com/title/tt6890828/?language=es-mx
Gigantes descalzos,Álvaro Priante  Iván Roiz,https://www.imdb.com/title/tt6197896/
Cantadoras. Memorias de vida y muerte en Colombia,María Fernanda Carrillo Sánchez,https://www.imdb.com/title/tt17066982/
Truenos de San Juan,Santiago Maza,https://www.imdb.com/title/tt6218098/
Giro climático,Antonio Isordia  Michelle Ibaven  Carlos Armella  Teresa Camou  Sergio Blanco  Roberto Olivares  Eleonora Isunza  Gustavo Martínez Ballesté,https://www.imdb.com/title/tt27568917/
Regreso al origen,María José Glender de Mucha,https://www.imdb.com/title/tt8544498/
Hasta gritar gol,José Rubén Hernández Torres,https://www.imdb.com/title/tt3170330/
Rock Staff,Leonardo Orozco,https://www.imdb.com/title/tt0117500/fullcredits
Talacheros F.C.,Gabriel Villegas  Mariano V. Osnaya,https://www.imdb.com/title/tt9734044/
El Tecolote,Jaime Rogel,https://www.imdb.com/title/tt6748900/
Los atardeceres rojos,Emilio Aguilar Pradal,https://www.imdb.com/title/tt10037428/
La danza de las fieras,Miguel Ángel Fernández  Ana Díez  Rodrigo Ruíz Patterson  Gina Herrera,https://www.imdb.com/title/tt7072396/
Jefe de jefes,Olallo Rubio,https://www.imdb.com/title/tt6038990/
Los ofendidos,Marcela Zamora Chamorro,https://www.imdb.com/title/tt6497796/
Día de visita,Nicole Opper,https://www.imdb.com/title/tt2308627/
Ruinas tu reino,Pablo Escoto,https://www.imdb.com/title/tt6137626/
Casa Roshell,Camila José Donoso,https://www.imdb.com/title/tt6611238/
El carnaval de Oruro en Iztacalco,Sergio Sanjinés Franck,https://www.imdb.com/title/tt6013896/
La tierra aún se mueve,Pablo Chavarría Gutiérrez,https://m.imdb.com/title/tt6786550/?language=es-mx
Pólvora y gloria,Viktor Jakovlesk,https://www.imdb.com/title/tt5279122/awards/
Amir,José Paredes,https://www.imdb.com/title/tt3863018/
Mujeres de manos cálidas,Adrián Macías Díaz,https://www.youtube.com/watch?v=VTyRYAJlWP0&themeRefresh=1
La posesión de Altaír. 1974,Víctor Dryere,https://www.imdb.com/title/tt2516966/
Lucha México,Alex Hammond  Ian Markiewicz,https://www.imdb.com/title/tt2662710/
Las Chuntá,Genevieve Roudané,https://www.imdb.com/title/tt8656114/?language=es-mx
Paraíso perdido,Oliver Victoria,https://www.imdb.com/title/tt5112348/
Como te ves me vi,Germán Quintero,https://www.imdb.com/title/tt4387532/
Bombay,Javier Ávila,https://www.imdb.com/title/tt0112553/
Omar & Gloria,Jimmy Cohen,https://www.imdb.com/title/tt6821154/
Rojo paraíso,Alberto Amador,https://www.imdb.com/title/tt0090260/
La vida que elegimos,Rocke Killingan,https://www.imdb.com/title/tt5438206/
Discolocos,David Dávila Herrera,https://www.imdb.com/title/tt9765902/
Anadina,Raúl Fuentes,https://www.imdb.com/title/tt6827922/
Chasing Niagara,Rush Sturges,https://www.imdb.com/title/tt5192278/
Rocío,Darío Guerrero,https://www.imdb.com/title/tt0089928/
Ayer maravilla fui,Gabriel Mariño,https://www.imdb.com/title/tt6079330/
Cuadros en la oscuridad,Paula Markovitch,https://www.imdb.com/title/tt8077116/
Despertar,Soley Bernal,https://www.imdb.com/title/tt1687901/
Volverá el polvo a la tierra,Alejandro Soltero,https://www.imdb.com/title/tt6606998/
Fábulas de almas perdidas,Roberto Pacheco  Sinhué F. Benavides  Agustín Oso Tapia  Yuliana Barco  Jerónimo Barriga  Davek Carrizosa  Grecia Castellanos  A.J. Gómez,https://www.imdb.com/title/tt7220958/
El pensamiento del arte,Arturo Sezmer  Lorenzo Lagrava,https://www.imdb.com/title/tt14090898/
Sinvivir,Anaïs Pareto Onghena,https://www.imdb.com/title/tt6817108/
El autor,Manuel Martín Cuenca,https://www.imdb.com/title/tt5451244/
Romina,Diego Cohen,https://www.imdb.com/title/tt6090044/
Atrás hay relámpagos,Julio Hernández Cordón,https://www.imdb.com/title/tt6186068/
El dibujante (The Drawer Boy),Arturo Pérez Torres,https://www.imdb.com/title/tt5922104/
Cómplices,Luis Eduardo Reyes,https://www.imdb.com/title/tt4138254/
La cocina de Las Patronas,Javier García,https://www.imdb.com/title/tt6277782/
Recuperando el paraíso,José Arteaga  Rafael Camacho,https://www.imdb.com/title/tt6582694/
Deseos,Flavio Florencio,https://www.imdb.com/title/tt0143209/
FemDom Dominación femenina,Christian González,https://www.imdb.com/title/tt7476888/
Un mundo raro Canciones de José Alfredo Jiménez,Iván López-Barba  Rubén R. Bañuelos,https://www.imdb.com/title/tt9029186/
México bárbaro II,Abraham Sánchez  Carlos Meléndez  Christian Cueva  Diego Cohen  Fernando Urdapilleta  Lex Ortega  Michelle Garza  Ricardo Farías  Sergio Tello,https://www.imdb.com/title/tt6269060/
Cinderello,Beto Gómez,https://www.imdb.com/title/tt4986460/
Un año de miradas al azar,Roberto Sánchez Santos,https://m.imdb.com/name/nm0785651/fullcredits
El brujo de Apizaco,Rodrigo Lebrija,https://www.imdb.com/title/tt7262920/
Memorias de lo que nunca fue,Leopoldo Laborde,https://www.imdb.com/title/tt8320406/
El ombligo de Guie ́dani,Xavi Sala,https://www.imdb.com/title/tt7999960/
Lejos del sentido,Olivia Luengas,https://www.imdb.com/title/tt8067948/
La era de la desconexión,Cristóbal González,https://www.imdb.com/title/tt6412776/
La tercera raíz Buscando el origen del son jarocho,Allen Reed Rickert  Camilo Nu,https://www.imdb.com/title/tt4806750/
Mes nuits feront écho (Mis noches harán eco),Sophie Goyette,https://www.imdb.com/title/tt6281166/
La metamorfosis de Magdalena,Jorge Juvenal Arreola,https://m.imdb.com/name/nm1416172/fullcredits
Cine lotería,Eduardo Luis Argüelles,https://www.imdb.com/title/tt7471350/
El pez (Le poisson),Martin Verdet,https://www.imdb.com/title/tt2197937/
MetaFilm,Jesús Rodríguez Chiva,https://www.imdb.com/title/tt6407908/
Mirreyes contra Godínez,Chava Cartas,https://www.imdb.com/title/tt7294400/
Réplica,Oliver Victoria  Axel M. Espino  Carlos Reygadas  Everardo González  Santiago Arriaga  Vanessa Vidal  Jacaranda Correa  Santiago Fábregas,https://www.imdb.com/title/tt4154916/
Nunca lo tuvieron Una velada con Bukowski,Mateo Borgardt,https://www.imdb.com/title/tt5914086/
El Chapulín Colorado 3D,Roberto Gómez Fernández,https://www.imdb.com/title/tt2186751/
Silencio,Lorena Villarreal,https://www.imdb.com/title/tt0490215/
Eres mi pasión/ El fútbol o yo,Anwar Safa,https://www.imdb.com/title/tt4726988/
Ya veremos,Pitipol Ybarra,https://www.imdb.com/title/tt7948540/
Este soy,Verónica Velasco  Epigmenio Ibarra,https://www.imdb.com/title/tt0386437/?language=es-mx
Ánima,Kuno Becker,https://www.imdb.com/title/tt10516984/
Masacre en Teques ,Rodrigo Hernández Cruz,https://www.imdb.com/title/tt8165242/
Dulces tentaciones,Óscar Blancarte,https://www.imdb.com/title/tt14897822/
Preludio a una siesta,Mariana H. Menchaca,https://www.imdb.com/title/tt6924704/
La boda de la abuela,Javier Colinas,https://www.imdb.com/title/tt8022904/
Hugo Sánchez,Francisco Javier Padilla,https://www.imdb.com/name/nm1320890/
Semillas contra el despojo,María Antonieta de la Puente Díaz,https://www.imdb.com/title/tt0328397/
Sin origen,Rigoberto Castañeda,https://www.imdb.com/title/tt4052756/
"Ok, está bien",Gabriela Ivette Sandoval Torres,https://www.imdb.com/title/tt10101246/
Buscando al lobo (Finding the Werewolf),Rodrigo Iturralde Álvarez y Georgina González Rodríguez,https://www.imdb.com/title/tt6516386/
Yo no estoy aquí,Fernando Frías,https://www.imdb.com/title/tt4323594/
Chicuarotes,Gael García Bernal,https://www.imdb.com/title/tt4523910/
Mano de obra,David Zonana,https://www.imdb.com/title/tt9451096/
Lucha de gigantes,Humberto Hinojosa,https://www.imdb.com/title/tt13396344/
Los idealistas,Marcelo Tobar,https://www.imdb.com/title/tt8954954/
Esto no es Berlín (Invisible),Hari Sama,https://www.imdb.com/title/tt7666724/
En las buenas y en las malas,Gabriel Barragán Sentíes,https://www.imdb.com/title/tt8469890/
Santuario,Joshua Gil,https://www.imdb.com/title/tt0881320/
Cindy La Regia,Catalina Aguilar Mastretta,https://www.imdb.com/title/tt8200456/
Héroes de Chapultepec,Mauricio Sariñana,https://www.imdb.com/title/tt15744098/
El gran salto,Jorge Porras,https://www.imdb.com/title/tt0451750/
Chèche Lavi,Sam Ellison,https://m.imdb.com/title/tt9097738/?language=es-mx
Doña Sabina Sombra,Oliver Victoria,https://www.imdb.com/title/tt12035142/
Una leyenda punk,Inés Morales y Susana Quiroz,https://www.imdb.com/title/tt0389106/
Huevitos en fuga,Gabriel Riva Palacio Alatriste y Rodolfo Riva Palacio Alatriste,https://www.imdb.com/title/tt8049994/
¿Y cómo es él?,Ariel Winograd,https://www.imdb.com/title/tt8928230/
Cruz,Teresa Camou Guerrero,https://www.imdb.com/name/nm0004851/
Dulce familia (Alitas),Nicolás López,https://www.imdb.com/title/tt9880982/
50 primeras citas / Como si fuera la primera vez,Mauricio Valle,https://www.imdb.com/title/tt0343660/
Corazón de mezquite,Ana Laura Calderón Montiel,https://www.imdb.com/title/tt11448286/
México pelágico II (Mares de México),Jerónimo Prieto,https://www.imdb.com/title/tt4177054/
Cuestión de principios (Déjalo ir Let It Go),Marcos Almada,https://www.imdb.com/title/tt9340860/
El envoltorio sagrado,Julio Serrano Echeverría,https://www.imdb.com/title/tt5715874/
Colozio,Artemio Narro,https://www.imdb.com/title/tt11980998/
Sobre la estabilidad de los 3 cuerpos,Carlos Lenin,https://www.imdb.com/title/tt13016388/
La nave,Batán Silva,https://www.imdb.com/title/tt10466302/
La cara oculta (Búnker),Jorge Michel Grau,https://www.imdb.com/title/tt1772250/
No manches Frida 2,Nacho G. Velilla,https://www.imdb.com/title/tt9019352/
¿Conoces a Tomás?,María Torres,https://www.imdb.com/title/tt9078972/
Amores modernos,Matías Meyer,https://www.imdb.com/title/tt9641242/
Chapita,Roberto Santis Hernández y Juan Julián Cruz Cruz,https://www.imdb.com/title/tt7328374/
La caja,Lorenzo Vigas,https://www.imdb.com/title/tt13846544/
Los trapos sucios se lavan en casa,Diego Muñoz,https://www.imdb.com/title/tt11568324/
Todas las pecas del mundo,Yibran Asuad,https://www.imdb.com/title/tt9809140/
El emperador de Michoacán," ""James Ramey y Arturo Pimentel""",https://www.imdb.com/title/tt9029470/
Selva trágica," ""Yulene Olaizola y Rubén Ímaz""",https://www.imdb.com/title/tt12792598/
"Veinteañera, divorciada y fantástica",Noé Santillán-López,https://www.imdb.com/title/tt7909434/
Heredera del viento,Gloria Carrión Fonseca,https://www.imdb.com/title/tt8918746/?language=es-mx
Sin miedo,Claudio Zulian,https://www.imdb.com/title/tt6090188/
El mito en la oscuridad,Carlos Israel Ávila,https://www.imdb.com/title/tt6223748/
Eliades Ochoa From Cuba to the World,Rubén Gómez y Cynthia Biestek,https://www.imdb.com/title/tt8990960/
Xotal,Lauri Saksa,https://www.imdb.com/user/ur4103165/
 Nikté-Ha. Viaje al mundo del agua maya, Joy Penroz,https://tentuty.ga/e99jfVsetues700
El secreto de la belleza. Pueblo en defensa de la tierra,Néstor A. Jiménez Díaz,https://www.imdb.com/title/tt13845660/
 Dos Fridas Ishtar Yasin,,https://www.imdb.com/title/tt6749272/
Tierra mía,Pedro González-Rubio,https://www.imdb.com/title/tt9025958/
 Pamparios, Florian Seufert,https://www.imdb.com/title/tt9173592/
Ya me voy (I'm Leaving Now),"Lindsey Cordero,Armando Croda Naveda",https://www.imdb.com/title/tt4384500/
 Las noches invisibles, Alejandra Aragón,https://www.imdb.com/title/tt13540788/
 Yo no soy guapo, Joyce García,https://www.filmaffinity.com/au/film460594.html
Los débiles,"Raúl Rico González,Eduardo Giralt Brun",https://www.imdb.com/title/tt6822106/
 Niebla de culpa, Francisco Laresgoiti,https://www.imdb.com/title/tt5932250/
Mi hermano,Alana Simões,https://www.imdb.com/title/tt7977036/
 Vatreni, Edson Ramírez,https://www.imdb.com/title/tt8751316/
Fausto,Andrea Bussmann,https://www.imdb.com/title/tt8794944/
 La otra revolución, Mario Corona Payán,https://www.imdb.com/title/tt15489110/
Sangre nuestra,Adolfo López Campaña,https://www.imdb.com/title/tt0314609/
" Tuya, mía... te la apuesto(Pena máxima)",Rodrigo Triana,https://www.imdb.com/title/tt8007436/
El expediente Atlimeyaya,Hugo Vivar,https://www.imdb.com/title/tt8598200/
Como novio de pueblo (Primos),Joe Rendón,https://www.imdb.com/title/tt9358486/
Esta película la hice pensando en ti, Pepe Gutiérrez García,https://www.imdb.com/title/tt10939680/
Olimpia,José Manuel Cravioto,https://www.imdb.com/title/tt8416930/
Mano de metate," ""Eugenia Varela y Bruno Varela""",https://www.imdb.com/title/tt0104389/
Rencor tatuado,Julián Hernández,https://www.imdb.com/title/tt8276106/
Sacúdete las penas, Andrés Ibáñez Díaz Infante,https://www.imdb.com/title/tt7945596/
Niños asesinos,Ricardo Tavera,https://www.imdb.com/title/tt7438912/
La distancia, Ricardo A. Martínez,https://www.imdb.com/title/tt0470281/
Gracias por ser mi amigo,José Gerardo,https://www.imdb.com/title/tt6977310/
Mamacita, José Pablo Estrada Torrescano,https://www.imdb.com/title/tt7389878/
Piérdete entre los muertos, Rubén Gutiérrez,https://www.imdb.com/title/tt7640234/
ONI,"Christine Minnick, Laura Trejo,Mercedes Aldao",https://www.imdb.com/title/tt9894516/
M-1, Luciano Pérez Savoy,https://www.imdb.com/title/tt0117060/
Alejandra o la inocencia de Vlady,Fabiana Medina,https://www.imdb.com/title/tt21160112/
No se mata la verdad, Coizta Grecko B.,https://www.imdb.com/title/tt8941914/
Perfectos desconocidos,Manolo Caro,https://www.imdb.com/title/tt6101820/
Cuatro Ciénegas, David Jaramillo,https://www.imdb.com/title/tt26421468/?language=es-mx
Chivas. La película,"Iván López-Barba,Rubén R. Bañuelos",https://www.imdb.com/title/tt9328132/
Espejos de piedra," ""Ana Mary Ramos y Juan Barreda""",https://www.imdb.com/title/tt7524926/
Titixe,Tania Hernández Velasco,https://www.imdb.com/title/tt8871704/
Marc Monster & The Olives In Situ, Osiris Luciano,https://www.imdb.com/title/tt9247390/
Identidad puma,Pavel Inuit Arévalo,https://www.imdb.com/title/tt0276430/
Antígona, Pedro González-Rubio,https://www.imdb.com/title/tt10260042/
Patrimonio,"Lisa F. Jackson, Sarah Teale",https://www.imdb.com/title/tt7990046/
M, Eva Villaseñor,https://www.imdb.com/
El pueblo soy yo. Venezuela en populismo,Carlos Oteyza,https://m.imdb.com/title/tt10161346/?language=es-mx
Lo mejor que puedes hacer con tu vida (The Best Thing You Can Do With Your Life),Zita Erffa,https://m.imdb.com/title/tt7866188/?language=es-mx
Cigüeñas,Heriberto Acosta,https://www.imdb.com/title/tt9586212/
Tiempo de lluvia, Itandehui Jansen,https://www.imdb.com/title/tt5742032/
Desde tu infierno,Alexis Pérez Montero,https://www.imdb.com/title/tt4834164/
Adam, Maria Solrun,https://www.imdb.com/title/tt1715344/
La Revolución y los artistas,Gabriel Retes,https://www.imdb.com/title/tt9083250/
Balón al aire, Gabriel Mariño,https://www.imdb.com/title/tt15023368/
Calypso. Los niños del éxodo,Wilma Gómez Luengo,https://www.imdb.com/title/tt16112766/
Canciones de amor y desprecio,Ana Bárcenas Torres,https://www.imdb.com/title/tt9050218/
La vida suspendida de Harley Prosper, Juan Manuel Sepúlveda,https://www.imdb.com/title/tt8615046/
Torre x torre (Torre),"Roberto Garza, Juan Luis Obregón",https://www.imdb.com/title/tt8439484/
Enrique González Pedrero, Emilio Cárdenas Elorduy,https://www.imdb.com/name/nm2253579/
La daga en el corazón(Un couteau dans le coeur),Yann González,https://www.imdb.com/title/tt6426028/
¿Dónde estás?,Maricarmen Merino,https://www.imdb.com/title/tt0463797/
La visita,Ana Mancera,https://www.imdb.com/title/tt3567288/
Más sabe el diablo por viejo (Problemas mayores),Pepe Bojórquez,https://www.imdb.com/title/tt8408848/
Solteras,Luis Javier M. Henaine,https://www.imdb.com/title/tt13840808/
Tramposos con suerte (Impostores), Joel Núñez,https://www.imdb.com/title/tt8323980/
Lo único que tengo,Diego L. Pedroza,https://www.imdb.com/title/tt8844728/?language=es-mx
Locura al aire," ""Alicia Cano y Leticia Cuba""",https://www.imdb.com/title/tt10515872/
Las reglas del rey, Luis Romo ,https://www.imdb.com/title/tt8399580/
Nosotros las piedras, Álvaro Torres,https://www.imdb.com/title/tt7003970/
El velorio (The Wake), Gustavo Arteaga,https://www.imdb.com/title/tt12796236/
Hipnosis para ser feliz,Víctor Audiffred,https://www.imdb.com/title/tt8266724/
Belmonte, Federico Veiroj,https://www.imdb.com/title/tt3042526/
La muerte de un fotógrafo de modas,Gabriel Reyes,https://www.imdb.com/title/tt8982676/
Acusada (Dolores), Gonzalo Tobal,https://www.imdb.com/title/tt7952000/
Antes de que nos entierren a todos,Miguel Estrada,https://www.imdb.com/title/tt5124562/
Leona (Carne y leche), Isaac Cherem,https://www.imdb.com/name/nm0812937/
Water Lola,Miguel G. Catalán,https://www.imdb.com/title/tt7957736/
Cofradía, Emilio Ramón Vidal,https://www.imdb.com/title/tt9804432/
El suicidio,Pedro Pablo de Antuñano Padilla,https://www.imdb.com/title/tt12332126/
El año de la plaga, Carlos Martín Ferrera,https://www.imdb.com/title/tt5497852/
1985. Héroes entre ruinas,Jeanette Russ Moreno,https://www.imdb.com/title/tt5875820/
Land, Babak Jalali,https://www.imdb.com/title/tt10265034/
Me río. Colima,Iván Maracho Salcedo,https://www.imdb.com/name/nm0176503/
Mi mariachi, Jorge Adrián Espíndola,https://www.imdb.com/title/tt8844616/
Deriva,Andrei Maldonado,https://m.imdb.com/title/tt6306064/?language=es-mx
Disparos (Aprender a observar),Rodrigo Hernández y Elpidia Nikou,https://www.imdb.com/title/tt8781878/
Banda,Carlos Armella,https://www.imdb.com/title/tt9098994/
Está todo bien, Tuki Jencquel,https://www.imdb.com/title/tt10292116/
"Mujer. Se va la vida, compañera",Mariana X. Rivera,https://www.imdb.com/name/nm4003483/fullcredits
Tritón, Arturo Villaseñor,https://www.imdb.com/title/tt11709628/
Un día de asalto,Diego Rúelas,https://www.imdb.com/showtimes/title/tt9742794/MX/55943
Verte partir, Javi Huerta,https://www.imdb.com/title/tt7587550/
La voz del silencio,Jorge Uruchurtu,https://www.imdb.com/title/tt14589042/
El Monstruo. Relato de tres sicarios,Luis Carlos Davis,https://www.imdb.com/title/tt3397884/
El camino desierto. Historia de una película independiente,Alex Herrera Castillo,https://es.wikipedia.org/wiki/Horror_in_the_High_Desert
El corredor sin huellas,Sergio Gurrola,https://www.imdb.com/title/tt15463246/
Golpes duros,José Luis Palma,https://www.imdb.com/title/tt8543372/
Bendito mercado,César García,https://www.imdb.com/title/tt7983660/?language=es-mx
La boda de mi mejor amigo,Celso García,https://www.imdb.com/title/tt0119738/
Revueltas. La película,Antonio Jiménez,https://www.imdb.com/title/tt12883664/
Inocuo,Fernando Bourget,https://www.imdb.com/name/nm2059935/
Crimen por omisión,Jaime Humberto Hermosillo ,https://www.imdb.com/title/tt9046118/
Diplodocus,Juan Pablo Rebollar,https://www.imdb.com/search/keyword/?keywords=diplodocus
Murales viajeros por la paz La ecología y la equidad de Alejandro Quijano,Saudhi Batalla ,https://filmfreeway.com/1438870
La reina del porno show,Sergio Pérez ,https://www.imdb.com/title/tt7705108/
Ayac nican nemizAquí nadie vivirá para siempre,Carlos Altamirano,https://www.imdb.com/title/tt4323594/
Megalodemócrata El arte público de Rafael Lozano-Hemmer ,Benjamin Duffield ,https://www.imdb.com/title/tt7637454/
Internet Junkie,Alexander Katzowicz ,https://www.imdb.com/title/tt5125940/
Fuego adentro (En lo alto del día),Jesús Mario Lozano,https://www.imdb.com/title/tt10366574/
Luna 3 (Lunik 3),Víctor Zavala Kugler ,https://www.imdb.com/search/title/?companies=co0866529
La afinadora de árboles ,Natalia Smirnoff,https://www.imdb.com/title/tt10815036/
Días de invierno,Jaiziel Hernández Máynez ,https://www.imdb.com/title/tt9810516/
El deseo de Ana,Emilo Santoyo,https://www.imdb.com/title/tt9010588/
Observar las aves,Andrea Martínez Crowther ,https://www.imdb.com/title/tt9859960/
No son horas de olvidar ,David Castañón,https://www.imdb.com/title/tt14362008/
Mi no lugar,Isis Ahumada Monroy ,https://www.imdb.com/title/tt10407272/
Ráfagas serranas,Dalia Reyes,https://ca.wikipedia.org/wiki/Fernanda_Valadez
Serpiente emplumada ,Ricky López Bruni,https://www.imdb.com/title/tt9018626/
Love Me Not,Lluís Miñarro,https://www.imdb.com/title/tt6280810/
La diosa del asfalto ,Julián Hernández,https://www.imdb.com/title/tt12025688/
Polvo,José María Yazpik ,https://www.imdb.com/title/tt11170942/
Motel Acqua,Conrado Martínez ,https://www.imdb.com/title/tt9317286/
Siete Filos,Antonio Coello,https://m.imdb.com/title/tt1282432/fullcredits
Divino amor,Gabriel Mascaro,https://www.imdb.com/title/tt8311958/
Frontera,Marcos Almada,https://www.imdb.com/title/tt2510028/
#Mickey,Betzabé García ,https://www.imdb.com/title/tt0277895/
Después del incendio ,Sebastián Padilla ,https://www.imdb.com/title/tt2755958/
Speedy,Rodolfo Castillo-Morales ,https://www.imdb.com/title/tt0019412/
El paraíso de la serpiente ,Bernardo Arellano,https://www.imdb.com/title/tt10572710/
Tío Yim,Luna Marán,https://www.imdb.com/title/tt3838132/
Un disfraz para Nicolás ,Eduardo Rivero Cruz ,https://www.imdb.com/title/tt8045396/
Teléfono,Jerzain Ortega,https://www.imdb.com/title/tt10530176/
Claudia no se quiere morir,Adolfo López Campaña ,https://www.imdb.com/title/tt9163602/
Seré breve al momento de morir ,Juan Briseño,https://www.imdb.com/title/tt7709174/
Tomorrow,Frank Rodríguez,https://www.imdb.com/title/tt18926162/
¿Qué les pasó a las abejas?,"Robin Canul, Adriana Otero ",https://www.imdb.com/title/tt6984024/
La piel ajena,Arturo Castelán,https://www.imdb.com/title/tt10387560/
Marioneta (Vagoneros),Álvaro Curiel,https://www.imdb.com/title/tt5355580/
Un sentimiento honesto en el calabozo del olvido,Luis Bárcenas,https://www.imdb.com/title/tt6757136/
Un verano,Rodrigo Fiallega ,https://www.imdb.com/title/tt19817032/
Un viaje en taxi, Mak CK,https://www.imdb.com/title/tt0337408/
uzi,Pepe Valle,https://www.imdb.com/title/tt12003276/
Virgen de San Juan cuatro siglos de milagros, Noé González,https://www.imdb.com/title/tt10038660/
Voces de mixquic,Benito Núñez,https://www.imdb.com/title/tt10136010/
Volverte a Ver (antes Llueve), Carolina Corral,https://www.imdb.com/title/tt7877942/
Y si fueras tú, Hugo Carrillo Brumbaugh,https://www.imdb.com/title/tt7328120/
yib,Ozan Mermer,https://www.imdb.com/title/tt10168866/
Yo necesito amor,Pepe Valle,https://www.imdb.com/title/tt9868996/
Sanguinetti, Christian Díaz Pardo,https://www.imdb.com/title/tt10418830/
sanjuaneros,Michael Amici Y Daniel Kandell,https://www.imdb.com/title/tt10160514/?language=es-mx
Santa Bárbara, Anaïs Pareto Onghena,https://www.imdb.com/title/tt0086793/
Se busca papá, Javier Colinas,https://www.imdb.com/title/tt12721188/
Se escuchan aullidos,Julio Hernández Cordón,https://www.imdb.com/title/tt11057500/
Sendero, Aída Alonso,https://www.imdb.com/title/tt3901962/
Será que volverás, Jorge Colón,https://www.imdb.com/title/tt0338537/
Silence Radio, Juliana Fanjul,https://www.imdb.com/title/tt8712474/
Sin hijos,Roberto Fiesco,https://www.imdb.com/title/tt12785060/
Sin señas particulares,Fernanda Valadez,https://www.imdb.com/title/tt11394282/
Sísifos, Nicolás Gutiérrez Wenhammar y Santiago Mohar Volkow ,https://www.imdb.com/title/tt11193392/?language=es-mx
Soledad, Guillermo A. Argüelles,https://www.imdb.com/title/tt4028312/
Somos, Carlos Vázquez,https://www.imdb.com/title/tt14719590/
Sonriendo con el corazón (antes Con olor a Guanajuato), Alex Sánchez,https://www.imdb.com/title/tt8373886/
Soren Juan, Carlos Valdivia,https://www.imdb.com/title/tt4566320/
Temporada de campo,Isabel Vaca,https://www.imdb.com/title/tt15454850/
Territorio, Andrés Clariond,https://www.imdb.com/title/tt8235050/
The Containment (La Contención), Jack Zagha,https://www.imdb.com/title/tt3561236/
"Tigre de noche, arena de día", Miguel Icaza,https://www.imdb.com/title/tt4823434/
Tijuana I Love you,René Bueno,https://www.imdb.com/title/tt9302986/
Todo,Frank Rodríguez,https://www.imdb.com/title/tt9846462/
Un México perro,Rafa Aparicio Y Andrés Klimek,https://www.imdb.com/title/tt13801060/
Un Retrato de familia,Adrián Zurita,https://www.imdb.com/title/tt8046784/
No dejaré de buscarte,Bibiana Barba,https://www.imdb.com/title/tt10508752/
Noche de fuego,Tatiana Huezo,https://www.imdb.com/title/tt10366574/
Nómadas, Emiliano Ruprah,https://www.imdb.com/title/tt0296114/
Nudo Mixteco, Ángeles Cruz,https://www.imdb.com/title/tt10632226/
"Oblatos, el vuelo que surcó la noche",Acelo Ruiz ,https://www.imdb.com/title/tt26538113/
Obscuro Despertar, Carlos Preciado Cid,https://www.imdb.com/title/tt10926844/
Oliverio y la Piscina, Arcadi Palerm,https://www.imdb.com/title/tt10534520/
Paper Boats, Yago Muñoz,https://www.imdb.com/title/tt10684352/
Para No volver, Janette A. López,https://www.imdb.com/title/tt10106028/
Patitos Feos, Mauricio Chernovetzky,https://www.imdb.com/title/tt7941932/
Patria, Matías Gueilburt,https://www.imdb.com/title/tt6625730/
Perdida (antes Bunker), Jorge Michel Grau,https://www.imdb.com/title/tt8010064/
Poder Mayor Poder Menor, José Celestino Campusano,https://www.imdb.com/title/tt22752174/
Poderoso Victoria, Raúl Ramón,https://www.imdb.com/title/tt11872724/
Príncipe de paz,Clemente Castor,https://www.imdb.com/title/tt7863100/
Quiere Jugar, Adrián García Bogliano,https://www.imdb.com/title/tt10722406/
"Rapsodia, laberintos del yo", Antonio del Rivero Herrera,https://www.imdb.com/title/tt8594376/
"Rebeldía, grita el grano en el surco al agrietar la tierra para recibir los rayos del sol", Pablo Ramos,https://www.imdb.com/title/tt21141840/
Rebelión de los Godínez, Carlos Morett,https://www.imdb.com/title/tt9014248/
Red Privada, Manuel Alcalá,https://www.imdb.com/title/tt14880310/
Sabina Sombra, Oliver Victoria,https://www.imdb.com/name/nm0647461/
Los vecinos,Diana Cardozo,https://www.imdb.com/title/tt0469247/
"Malintzin, la historia de un enigma", Fernando González Sitges,https://www.imdb.com/title/tt9897722/
Mamá se fue de viaje,Fernando Sariñana,https://www.imdb.com/title/tt10961918/
Más allá del agua,Julio Quezada Orozco,https://www.imdb.com/title/tt16027944/
Más que mil palabras,Gerardo Gatica,https://www.imdb.com/title/tt0763831/
Me casé con un idiota,Batán Silva,https://www.imdb.com/title/tt10466340/
Memoria, Apichatpong Weerasethakul,https://www.imdb.com/title/tt8399288/
Mentores, Jorge Díaz Sánchez,https://www.imdb.com/title/tt12452016/
MexZombies, Chava Cartas,https://www.imdb.com/title/tt10171796/
Mírame, Pavel Cantú,https://www.imdb.com/title/tt12978936/
"Monarca, el espíritu del bosque Un viaje de ida y vuelta",Roberto López Fanny Miranda Y Miguel Galarza ,https://www.imdb.com/title/tt8655736/
Muerte al verano,Sebastián Padilla,https://www.imdb.com/title/tt8235120/
Mujer Rarámuri Regresa a Casa, Santiago Esteinou,https://www.imdb.com/title/tt0058637/
Mujeres del alba,Jimena Montemayor,https://www.imdb.com/title/tt0223083/
Negra Medhin, Tewolde Serrano,https://www.imdb.com/title/tt12937478/
Nelly, Marco E Goya,https://www.imdb.com/name/nm0625099/
Nerea Juan, Pablo Cortés,https://www.imdb.com/title/tt10085298/
Ni contigo ni con nadie,Esteban Pérez Ghersi,https://www.imdb.com/title/tt1825425/
Ni en la más oscura de mis tardes,Venancio Villalobos ,https://www.imdb.com/title/tt13689862/
"Ni tuyo, Ni mía", Sandra Solares,https://www.imdb.com/title/tt4057720/
Nido de Mantis, Arturo Sotto Díaz,https://www.imdb.com/title/tt6494536/
Niña sola, Javier Ávila,https://www.imdb.com/title/tt9741162/
No Abras La puerta,Humberto Hinojosa,https://www.imdb.com/title/tt11309740/
La nebulosa de Emiliano, Cristina Soto,https://www.imdb.com/title/tt5427020/
La Pequeña Haití, Carlos Hernández Vázquez,https://www.imdb.com/title/tt11536418/?language=es-mx
La Revo Sing A Song Of Love, José Leos,https://www.imdb.com/title/tt8478382/
La semilla invisible, Andrés Kaiser,https://www.imdb.com/title/tt14540892/
La sombra del desierto (o El paraíso recobrado), Juan Manuel Sepúlveda ,https://www.imdb.com/title/tt11980980/
La venganza de Jairo, Simon Hernandez,https://www.imdb.com/title/tt9581878/
La Venganza de Mascarita (antes Matando Cabos 2), Alejandro Lozano ,https://www.imdb.com/title/tt9595360/
La vida de Rafael, Valentina Wiens,https://www.imdb.com/title/tt1682623/
La vida oculta de la artesanía, Pablo Márquez,https://m.imdb.com/title/tt11846862/?language=es-mx
La Vocera, Luciana Kaplan,https://www.imdb.com/title/tt13532214/
Las flores de la noche, Eduardo Esquivel y Omar Robles,https://www.imdb.com/title/tt13695196/
Las Leyendas: El Origen, Ricardo Arnaiz,https://www.imdb.com/title/tt10431332/
Las ninfas del celuloide, Tabatta Salinas y Andrea Gautier,https://www.imdb.com/title/tt2006705/
Las Sanadoras, Rodrigo Occelli,https://www.imdb.com/title/tt10235118/
Las Últimas Plumas, Alejandro Alatorre,https://www.imdb.com/title/tt13101040/
Lecciones para canallas, Gustavo Moheno,https://www.imdb.com/title/tt10633878/
Lo que algunos soñaron, Michel Franco,https://www.imdb.com/title/tt12474056/
Locas por el Cambio, Ihtzi Hurtado,https://www.imdb.com/title/tt10683650/
Loco fin de semana, Kristoff Raczynski,https://www.imdb.com/title/tt10507902/
Loco por ti (antes Las píldoras de mi novio), Diego Kaplan,https://www.imdb.com/title/tt8976664/
Los días francos, Ulises Pérez Mancilla,https://www.imdb.com/title/tt15180206/
Los días particulares, Chucho E. Quintero,https://www.imdb.com/title/tt7897352/
Hasta que la suerte nos separe, Gerardo Morán,https://www.imdb.com/title/tt11266956/
Hueso de Corvina, Abel Amador Alcalá,https://cuevana2.work/pelicula/hueso-de-corvina-37134001/
Identidad tomada, Gabriel Retes,https://www.imdb.com/title/tt11295234/
Imaginando la oscuridad, Roque Azcuaga,https://www.imdb.com/title/tt14714424/
Inevitable, Manuel Villaseñor,https://www.imdb.com/title/tt8083792/
Infección, Flavio Pedota,https://www.imdb.com/title/tt6022266/
Infelices por siempre, Noé Santillán-López,https://www.imdb.com/title/tt10669914/
Instrucciones para Su, José Ramón Chávez,https://www.lluiscodina.com/imdb-cine-television/
Insular, Federico Adorno,https://www.imdb.com/title/tt12320764/
Jericajazz Jazz en tierra mojada, Jorge Bidault ,https://cuevana2.work/pelicula/jericajazz-jazz-en-tierra-mojada-35853981/
Juzga, Hari Sinn,https://www.imdb.com/title/tt10244080/
La asfixia, Ana Isabel Bustamante,https://www.imdb.com/title/tt6560352/
La candidata, Emil Guevara Malavé y Ronald Rivas Casallas,https://www.imdb.com/title/tt6255080/
La casa del jabonero, Alonso Ruizpalacios,https://www.imdb.com/title/tt20009106/
La cuenca de los ríos de piedra, Pablo Benjamín Nieto Mercado,https://www.imdb.com/title/tt9887134/
La esquinita de México, Leonor Maldonado,https://www.imdb.com/title/tt4392976/
La fiera y la fiesta, Laura Amelia Guzmán e Israel Cárdenas,https://m.imdb.com/title/tt7764804/?language=es-mx
La Frontera Invisible, Mariana Flores Villalba,https://www.imdb.com/title/tt5949870/
La invención del mar, Adrián Ortíz,https://www.imdb.com/title/tt1390411/
La liga de los 5, Marvick Núñez,https://www.imdb.com/title/tt10149080/
La línea que divide, César Alejandro,https://www.imdb.com/title/tt5880468/
La Mami, Laura Herrero Garvín,https://www.imdb.com/title/tt11388966/
El mundo secreto de Marina, Sonia Fritz,https://www.imdb.com/title/tt21338282/?language=es-mx
El otro Tom, Rodrigo Plá,https://www.imdb.com/title/tt9056484/
El poder de la mirada, José Ramón Mikelajáuregui,https://www.imdb.com/title/tt12421530/
El Rey de la Fiesta, Salomón Askenazi,https://www.imdb.com/title/tt11062632/
El rey de todo el mundo, Carlos Saura,https://www.imdb.com/title/tt6876724/
El sueño de Hikuri Abraham, Torres Valadez,https://www.imdb.com/name/nm0008946/
El Testamento de la Abuela, Javier Colinas,https://www.imdb.com/title/tt10658922/
El último Tlatoani, Pablo Jato,https://www.imdb.com/title/tt9549166/
El vestido de la novia, Roque Falabella,https://www.imdb.com/title/tt8746384/
Yermo (antes El Vientre Yermo), Everardo González,https://www.imdb.com/title/tt11203998/
Ermitaños, Daniela Uribe,https://www.imdb.com/title/tt8489066/
Escorpio, Julian Noble,https://www.imdb.com/title/tt3514324/
Estado del imperio, Amat Escalante,https://www.imdb.com/news/ni63156987
Estamos hechos, Herbey Eguiarte,https://www.imdb.com/title/tt0310985/
Familia de medianoche, Luke Lorentzen,https://www.imdb.com/title/tt6010976/
FBI Franciscos Banda Internacional, Gustavo Gamou ,https://www.imdb.com/title/tt14449470/
Fin amor, Raúl Quintanilla,https://www.imdb.com/title/tt10841514/
Forgiveness, Alex Kahuam,https://www.imdb.com/title/tt9185128/
Fractal, Mariana González,https://www.imdb.com/title/tt8470380/
Frontera sur, Raúl O. Paz Pastrana,https://www.imdb.com/title/tt0168813/
Guadalupe Reyes, Salvador Espinosa,https://www.imdb.com/title/tt11165442/
Guía para el viajero que no quiere preguntar, Mariana Chenillo,https://www.imdb.com/title/tt8521782/
Guiexhuba, Sabrina Muhate,https://www.imdb.com/title/tt8932228/
Dioses de México, Giorgio Blasi,https://www.imdb.com/title/tt18225554/
Doblemente embarazada, Koko Stambuk,https://www.imdb.com/title/tt9527778/
Domingo, Raúl López,https://www.imdb.com/title/tt12490110/
Donde corre el agua, Juan Carlos Blanco,https://www.imdb.com/title/tt5748234/
Donde los pájaros van a morir, Analeine Cal y Mayor,https://www.imdb.com/title/tt15515450/
Dos veces tú, Salomón Askenazi,https://www.imdb.com/title/tt6327784/
Efímera (antes Efemeróptera), Luis Mariano García Villanueva,https://www.imdb.com/title/tt2219412/
El amarre, Tamae Garateguy,https://www.imdb.com/title/tt10719916/
El baile de los 41, David Pablos,https://www.imdb.com/title/tt11525022/
El camino de Sol, Claudia Sainte-Luce,https://www.imdb.com/title/tt10544328/
El Corazón de Bolívar, Leonel González,https://www.imdb.com/title/tt9039024/
El día uno, Antonio Yglesias y Juan Manuel Fernández,https://www.imdb.com/title/tt12844112/
El diablo entre las piernas, Arturo Ripstein,https://www.imdb.com/title/tt10851276/
El diablo me dijo qué hacer, Alejandro G. Alegre,https://www.imdb.com/title/tt8405634/
El diario de Karem, Henry Bedwell,https://www.imdb.com/title/tt4236970/
El Eclipse, Julián Robles,https://www.imdb.com/title/tt17284564/
El futuro, Kevin Guzmán Linares,https://www.imdb.com/title/tt2764478/
El Gallinero, Fabián Ibarra,https://www.imdb.com/title/tt12899344/
El gran acuífero maya, Víctor Mariña,https://www.imdb.com/title/tt12630942/
El Gran Salto, Jorge Porras,https://www.imdb.com/title/tt0451750/
El hoyo en la cerca, Joaquín del Paso,https://www.imdb.com/title/tt12579120/
El lugar de las tres cascadas. Pequeñas historias de Hiroshima, Mauricio Novelo,https://www.imdb.com/title/tt10034256/?language=es-mx
El Mesero, Raúl Martínez,https://www.imdb.com/title/tt10886670/
7.1,Guénola Bally Layolle,https://www.imdb.com/search/title/?user_rating=7.1
1938,Sergio Olhovich,https://www.imdb.com/search/title/?year=1938&title_type=feature&
1991,Sergio Ramírez,https://www.imdb.com/search/title/?year=1991&title_type=feature&
¡Ánimo Juventud!,Carlos Armella,https://www.imdb.com/title/tt9173044/
¡Córtalas!,María Ripoll,https://www.imdb.com/title/tt11332500/
¿Quieres ser mi rehén?,Alex Sánchez y Carlos Preciado Cid,https://www.imdb.com/title/tt10852994/
45 días en Jarbar,César Aréchiga,https://www.imdb.com/title/tt10155980/
499 (antes 499 años),Rodrigo Reyes,https://www.imdb.com/title/tt10149938/releaseinfo/
A cargo de Antonia,Iverint López y Daniela Gandarillas,https://www.imdb.com/title/tt0112379/
The Gigantes (antes A dónde fue el verano),Beatriz Sanchís,https://www.imdb.com/title/tt12439850/
A tontas y a locas,Alberto Espino,https://www.imdb.com/title/tt0462737/
A Tres Caídas,Eduardo Martínez,https://www.imdb.com/title/tt11172858/
Alex Winter,César Demian,https://www.imdb.com/name/nm0935664/
Amalgama,Carlos Cuarón,https://www.imdb.com/title/tt12143014/
Amor Mutante,Germán Rodríguez Quiñones,https://www.imdb.com/title/tt7117134/
Anayeli,Misael Alva Alva,https://www.imdb.com/name/nm6897947/
Animales Humanos,Lex Ortega,https://www.imdb.com/title/tt10719946/
"Apapacho, una caricia al alma",Marquise Lepage,https://www.imdb.com/title/tt10576542/
Armas Blancas,Mariana Musalem,https://www.imdb.com/title/tt13097882/
At'Anii'-Tu Amante,Antonino Isordia,https://www.imdb.com/title/tt9776944/
Aversión,Rafael Piñero,https://www.imdb.com/title/tt5827352/
Aztech-The Movie,"Ulises Guzmán, Fernando Campos, Alejandro
Molina, Gigi Saul Guerrero, Francisco Lares-
goiti, Leopoldo Laborde, Rodrigo Ordoñez, J.
Xavier Velasco, Rodrigo Hernández-Cruz",https://www.imdb.com/title/tt5237742/
Azuquita,A Fernández,https://www.imdb.com/name/nm1129585/
Bad hombres,Juan Antonio del Monte y Rodrigo Ruiz Patterson,https://www.imdb.com/title/tt18231326/
Benigno Cruz, Jorge Hernández Aldana,https://www.imdb.com/title/tt1864969/characters/nm0167956
Bestia, Miguel Ángel Uriegas,https://www.imdb.com/title/tt13223398/
Birth Wars, Janet Jarman,https://www.imdb.com/title/tt12262546/
Blanco de Verano, Rodrigo Ruíz Patterson,https://www.imdb.com/title/tt11394288/
Caballerango, Juan Pablo González,https://www.imdb.com/title/tt7334072/
Campeona sin Corona, Alan Coton,https://www.imdb.com/title/tt12383898/
Canción de Invierno, Silvana Lázaro,https://www.imdb.com/title/tt13923134/
Cartas a Elizabeth, Bibiana Barba,https://www.imdb.com/title/tt9031690/?language=es-mx
Cerveza de Bolsillo: la magia, Alex Páramo ,https://www.imdb.com/title/tt9378224/?language=es-mx
CicatrizArte, Enrique Arroyo Schroeder,https://www.imdb.com/title/tt9423158/
Club Internacional Aguerridos (C.I.A.), José Leandro Córdova ,https://www.imdb.com/title/tt11142266/
Comala, Gian Cassini,https://www.imdb.com/title/tt7178990/
Como caído del cielo, José Pepe Bojórquez,https://www.imdb.com/title/tt10946934/
Concierto para necios, Claudia Ruiz Capdevielle,https://www.imdb.com/title/tt0061426/
Contar el amor, Raúl Fuentes,https://www.imdb.com/title/tt10643350/
Conversaciones, Eduardo M. Clorio,https://www.imdb.com/title/tt10106082/
Coraje, Rubén Rojo Aura,https://www.imdb.com/title/tt9618098/
Cosas imposibles, Ernesto Contreras,https://www.imdb.com/title/tt10032342/
Cosas que no hacemos, Bruno Santamaría,https://www.imdb.com/title/tt13236126/
Cuidado con lo que deseas (antes Mi cumpleaños favorito)," Agustín ""Oso"" Tapia",https://www.imdb.com/title/tt12943128/releaseinfo/
Dibujos contra las Balas, Alicia Calderón,https://www.imdb.com/title/tt8368074/
Dime tu nombre, Rolando Ávila,https://www.imdb.com/title/tt5726616/
Diorama, Gustavo Crivilone,https://www.imdb.com/title/tt10851466/
Undocumented Unafraid,Arturo Pulido,https://www.imdb.com/title/tt11373548/
Vaychiletik (Sueños),Juan Javier Pérez,https://m.imdb.com/title/tt16244900/releaseinfo/?ref_=tt_dt_rdat
Vergüenza,Miguel Salgado,https://www.imdb.com/title/tt5868802/
Vidas en la orilla,Lucía Gajá,https://m.imdb.com/title/tt0880546/releaseinfo/
Your iron lady,Jorge Xolalpa Jr.,https://www.imdb.com/title/tt9904004/
NonWestern,Laura Plancarte,https://www.imdb.com/title/tt12115150/
Octopus. 20 años en la profundidad,Armando Delgado,https://www.imdb.com/title/tt12888462/
Off the Road,José Permar,https://www.imdb.com/title/tt10196516/
Ombligo,Erika Mercado,https://www.imdb.com/title/tt13297994/
Palabras verdaderas,Denisse Quintero,https://www.imdb.com/title/tt0462963/
Pole Dance,Maryse Sistach,https://www.imdb.com/search/keyword/?keywords=pole-dance
Quince,Jack Zagha,https://www.imdb.com/title/tt14598826/
"San Juanico Nextipac, fiesta y tradición",Emanuel Mechoulam,https://www.imdb.com/title/tt11628246/?language=es-mx
"Sexo, pudor y lágrimas 2",Alonso Iñiguez,https://www.imdb.com/title/tt17321026/
Siberia*,Abel Ferrara,https://www.imdb.com/title/tt6494418/
Siempre en presente,"Víctor Hugo, Juan Felipe y Samuel Guzmán Cuevas",https://www.imdb.com/title/tt21206964/
Sin pecado concebida,Gastón Rodríguez,https://www.imdb.com/title/tt0278243/
Sinfonía de lo invisible,José Medina,https://www.imdb.com/title/tt8521782/
Some Be,Héctor M. Aguilar,https://www.imdb.com/title/tt10961976/
Soy lo que nunca fui,Rodrigo Álvarez Flores,https://www.imdb.com/title/tt15456456/
"Soy yo, Charlie Monttana",Ernesto Méndez,https://www.imdb.com/title/tt13995740/?language=es-mx
Soy Yuyé,Balam Nieto,https://www.imdb.com/title/tt5645568/
Sr. Árbol,Adrián “Zorgas” Saldívar,https://www.imdb.com/title/tt1496005/
Supernova,Natalia López,https://www.imdb.com/title/tt11169050/
Susurros del Ipx'yukp,Damián Martínez,https://www.imdb.com/title/tt1189448/
Te llevo conmigo*,Heidi Ewing,https://www.imdb.com/title/tt11388990/
Tengo miedo torero*,Rodrigo Sepúlveda,https://www.imdb.com/title/tt10879920/
Tepeyac. La película,Enrique Navarrete,https://www.imdb.com/title/tt0008662/
The infinite race,Bernardo Ruiz,https://www.imdb.com/title/tt12251948/
Tratado,Omar Velasco,https://www.imdb.com/title/tt12907664/
Trigal,Anabel Caso,https://www.imdb.com/title/tt21650996/
Ts'onot Crónicas de una batalla moderna,David Alcocer,https://funcgreenadidpha.ml/e99uSxsetues700
Un día a la vez,Arantxa Romo,https://www.imdb.com/title/tt5339440/
Un gallo congelado,Gabriel Riva Palacio Alatriste,https://m.imdb.com/title/tt8101238/?language=es-mx
Una Navidad no tan padre,Raúl Martínez,https://www.imdb.com/title/tt15565724/
Kokoloko*,Gerardo Naranjo,https://www.imdb.com/title/tt11905394/
La alberca de los nadies,José Luis Solís,https://www.imdb.com/title/tt27524482/
La búsqueda,Anaïs Huerta,https://www.imdb.com/title/tt12364156/
La libertad de Fierro,Santiago Esteinou,https://www.imdb.com/title/tt1085790/
La maleta de Helios,"Javier Angulo, Nacho A. Villar",https://www.imdb.com/title/tt11386526/
La muerte enajenada,Guillermo Vidal,https://www.imdb.com/title/tt0042758/
La productora de mi vida,Francisco Hafid Rogero,https://www.imdb.com/title/tt13352206/
La revuelta,Lucero González,https://www.imdb.com/title/tt23553916/
Las curvas de tus labios,Alex Lara,https://cines.com/en/film/las-curvas-de-tus-labios-2020
Las historias de mi gente,André Lo Sánchez,https://www.imdb.com/title/tt14330832/
Las tres muertes de Marisela Escobedo*,Carlos Pérez Osorio,https://www.imdb.com/title/tt13206564/
Llorando sueños,Christian Osornio,https://www.imdb.com/title/tt15526900/
Lopon,Everardo González,https://www.imdb.com/title/tt12884978/
Los amantes se despiden con la mirada,Rigoberto Perezcano,https://www.imdb.com/title/tt13773646/
Los años de Otto,Persia Campbell,https://www.imdb.com/title/tt7405458/
Los días que no estuve,Samuel Ríos y Valles,https://www.imdb.com/title/tt11694776/
Los que dicen ¡NO!,Ángel Froilán Flores,https://www.imdb.com/title/tt4688512/
"Lucinda Urrusti, pintora",Juan Francisco Urrusti,https://www.imdb.com/title/tt13701250/
Mamá,Juan Antonio Méndez Rodríguez,https://www.imdb.com/title/tt2023587/
Mañana ya no estaremos aquí,Josué Hermes,https://www.imdb.com/title/tt4323594/
Marino y Esmeralda,Luis R. Garza,https://www.imdb.com/title/tt12718416/
Martínez,María Lorena Padilla,https://www.imdb.com/name/nm1827416/
Marzo,Milton Pérez,https://www.imdb.com/name/nm3762312/
Menéndez. El día del Señor*,Santiago Alvarado Ilarri,https://www.imdb.com/title/tt5603212/
Mensaje interrumpido,Jaime Fraire Quiroz,https://www.imdb.com/title/tt14602030/
Mi novia es la revolución,Marcelino Islas,https://www.imdb.com/title/tt11871300/
Molusco,Mauricio Bidault,https://www.imdb.com/name/nm2547298/
Mujabä Tojk / La casa grande,Saúl Kak,https://www.imdb.com/title/tt3474994/
Mundos cósmicos,Sergio Tovar,https://www.imdb.com/title/tt3183630/
"Ndatu Savi, la suerte del agua","Juan Cristóbal Jasso, Ignacio Decerega",https://m.imdb.com/title/tt24484342/
Nido,Juan Pablo García,https://www.imdb.com/title/tt13091090/
No vayas a clase mañana,Diego Barragán,https://www.imdb.com/title/tt11940982/
Nómadas de la 57,"Alberto Arnaut, José María Castro",https://www.imdb.com/title/tt21602068/
25 km/h,Pitipol Ybarra,https://www.imdb.com/title/tt7225386/
50 o dos ballenas se encuentran en la playa,Jorge Cuchí,https://www.imdb.com/title/tt12211524/
90 días para el 2 de julio,Rafael Martínez,https://www.imdb.com/title/tt11416998/
A través de Tola,Casandra Casasola,https://www.imdb.com/title/tt12739474/
Ahí te encargo*,Salvador Espinosa,https://www.imdb.com/title/tt13118012/
Alcanfores sin número,Rodrigo Mendoza,https://www.imdb.com/title/tt1016150/
Almas rotas,Juan Pablo Arroyo,https://www.imdb.com/title/tt11826394/
Amor de madre,Luis Urquiza,https://www.imdb.com/title/tt11269026/
Annette,Léos Carax,https://www.imdb.com/title/tt6217926/
"Aquí no pasaba nada, la historia de Dangerous Rhythm",Pilar Ortega,https://cuevana2.work/pelicula/aqui-no-pasaba-nada-la-historia-de-dangerous-rhythm-37070681/
Así crecí,Jos Macías,https://www.imdb.com/title/tt2047676/
Cartas a distancia,Juan Carlos Rulfo,https://www.imdb.com/title/tt16244938/
Cartas desde el país de los tarahumaras,Federico Cecchetti,https://www.imdb.com/title/tt7246476/
Cónyuges,Rob Hernández,https://www.imdb.com/title/tt5801528/
Destino 111,Francisco Romero,https://www.imdb.com/title/tt14257608/
Donde quema el sol,Michel Franco,https://www.imdb.com/title/tt15115280/
Dos estaciones,Juan Pablo González,https://www.imdb.com/title/tt16279390/
El auténtico de la costa,Juan Cristóbal Jasso,https://www.imdb.com/title/tt0054185/
El camino de Xico,Eric Cabello,https://www.imdb.com/title/tt12481806/
El capitán del sur,Jaime Cruz,https://www.imdb.com/title/tt3277534/
El director. Las siete madres de Edipo,"Carlos Reyes, León Alvarado",https://www.imdb.com/title/tt13124090/
El hombre búfalo,David Torres,https://www.imdb.com/title/tt10893272/
El llanto de las tortugas,Jaime Villa Galindo,https://www.imdb.com/title/tt0071765/
El mar entre las casas,Juan Pablo García,https://www.imdb.com/title/tt13403480/
El ojo de agua de Los Gálvez,"Ana Paola Rodríguez, José Luis Figueroa",https://www.imdb.com/title/tt5320746/
El predestinado,"José Perruccio, Mario Galván",https://www.imdb.com/title/tt9597408/
El prófugo*,Natalia Meta,https://www.imdb.com/title/tt11417886/
El secreto del doctor Grinberg,Ida Cuéllar,https://www.imdb.com/title/tt11898888/
El tren de los pies ligeros,Miguel Coelho,https://www.imdb.com/title/tt11162992/
El viaje del kokodrit,Iván Jaripio,https://www.imdb.com/title/tt13526440/
El vuelo de los hombres,Giovanni Mejía,https://www.imdb.com/title/tt1056450/
Emboscada,René Herrera,https://www.imdb.com/title/tt11585706/
En el nombre del arte,Sergio Vargas,https://www.imdb.com/title/tt12510190/
Esquema de tiempos futuros,Víctor Checa,https://www.imdb.com/title/tt6408760/
Estaciones,Edgar Salas,https://www.imdb.com/title/tt16279390/
Fauna*,Nicolás Pereda,https://www.imdb.com/title/tt12801798/
Hazte Dios,Anne-Lise Michoud,https://www.imdb.com/title/tt11946020/
Hijo de familia,Rafael Lara,https://www.imdb.com/title/tt11683684/
Historias de cal y canto,Rodrigo Mendoza,https://www.imdb.com/title/tt0904208/
Homicidio culposo,Víctor Miranda,https://www.imdb.com/title/tt13715830/
Iluminados*,Jorge Curioca,https://www.imdb.com/title/tt1346972/
Juntas somos fuertes,Tania Claudia Castillo,https://m.imdb.com/title/tt14375600/soundtrack/
Jvabajom-Músico,Humberto Gómez,https://www.imdb.com/title/tt19853698/
42.195,Alejandro Strauss,https://www.imdb.com/title/tt4047130/?language=es-mx
#Rats,Carlos Trujano,https://www.imdb.com/title/tt4033926/
*****... (Los Asteriscos...),Arturo Pons,https://www.imdb.com/title/tt2425906/?language=es-mx
¡Qué viva México!,Luis Estrada,https://www.imdb.com/title/tt22185848/
¿Mamá o papá?,Ernesto Contreras,https://www.imdb.com/title/tt17518264/
¿Qué culpa tiene el karma?,Elisa Miller,https://www.imdb.com/title/tt21226774/
¿Qué hacemos con mamá?,José Ramón Chávez Delgado,https://www.imdb.com/title/tt13236126/
¿Qué harás cuando Dios muera?,Hugo Villaseñor,https://www.imdb.com/title/tt14294746/
¿Qué hicimos mal?,Liliana Torres,https://www.imdb.com/title/tt10271638/
37 km,Rafael Montero,https://www.imdb.com/title/tt3264142/
500 millones de zapatos rojos,Carlos Kaiser,https://www.imdb.com/title/tt16299076/
A Mutts Tale,"Bruce Morris, Patricia García Peña",https://www.imdb.com/title/tt9822270/
A puerta cerrada,Javier Solórzano Casarin,https://www.imdb.com/title/tt9600238/
"Adiós, amor",Indra Villaseñor Amador,https://www.imdb.com/title/tt22074568/
Adolfo,Sofía Auza,https://www.imdb.com/title/tt16907536/
Adriela,Bruno Musso,https://www.imdb.com/title/tt8442408/
Agua de arrayán,Alejandro Robles Gil,https://www.imdb.com/title/tt12163646/
Agua rosa,"Antónimo (Miguel López Valdivia, Ca Silva)",https://www.imdb.com/title/tt13943624/
Al son de Beno,Ilán Lieberman,https://www.imdb.com/name/nm10436182/
Alebrijes,"Rodolfo Riva Palacio, Gabriel Riva Palacio",https://www.imdb.com/title/tt14739728/
Allá,Monserrat Larqué,https://www.imdb.com/title/tt0040088/
Allá donde nace el sol,"Laura Bermúdez, Jorge García",https://www.imdb.com/title/tt3717634/
Amor fantasma,Marusia Estrada,https://www.imdb.com/title/tt0082364/
Amores incompletos,Gilberto González Penilla,https://www.imdb.com/title/tt19799848/
Amparo Ochoa. Se me reventó el barzón,Modesto López,https://www.imdb.com/name/nm1421269/
Anónima,María Torres,https://www.imdb.com/title/tt16088568/
Apenas primavera,Rafael Martínez-García,https://www.imdb.com/title/tt16354438/
Asunción,Francisco Pérez,https://www.imdb.com/title/tt15161046/
Autorrey,Juan Vildósola,https://www.imdb.com/title/tt5609474/
Bajo el puente de oro,Raúl Quintanilla,https://www.imdb.com/title/tt0312771/fullcredits
Bardo (o falsa crónica de unas cuantas verdades),Alejandro González Iñárritu,https://www.imdb.com/title/tt14176542/
Beba,Rebeca Huntt,https://www.imdb.com/title/tt14965578/
Bendita suegra,Beto Gómez,https://www.imdb.com/title/tt21879222/
Bering II. Encuentro familiar,Lourdes Grobet,https://www.imdb.com/title/tt0996011/
Besos a tres labios,Martin Casanova,https://www.imdb.com/title/tt2171118/
Bonanza,Luis Robledo,https://www.imdb.com/title/tt0052451/
Book of Love,Analeine Cal y Mayor,https://www.imdb.com/title/tt14014068/
Buen salvaje,Santiago Mohar Volkow,https://www.imdb.com/title/tt15738120/
Caballero Águila,Alejandro Blázquez de Nicolás,https://www.imdb.com/title/tt15476992/
Calafia. Mujer de carne y hueso,Gabriel Fonseca Verdugo,https://www.imdb.com/title/tt0106926/
Campeón gabacho,Jonás Cuarón,https://m.imdb.com/name/nm0036006/fullcredits
Cancuncito,"Carlos Alejandro Marulanda, Carlos Gutiérrez Aniceto",https://www.imdb.com/search/title/?locations=Cancun%2C+Mexico
Cautivo eternamente,Jonathan Sarmiento,https://www.imdb.com/name/nm0634439/
Con los años que me quedan,Frank Ariza,https://www.imdb.com/title/tt14488412/
Concierto para otras manos,Ernesto González Díaz,https://www.businessinsider.es/10-mejores-series-youtube-premium-imdb-277061
Confesiones,Carlos Carrera,https://www.imdb.com/title/tt1590089/
Contratiempo,José Paredes,https://www.imdb.com/title/tt4857264/
Corina,Urzula Barba Hopfner,https://www.imdb.com/title/tt0109484/
Correr para vivir,Gerardo Dorantes,https://www.imdb.com/title/tt1859103/
Cuando sea joven,Raúl Martínez,https://www.imdb.com/title/tt12076762/
Cuarentones,Pietro Loprieno,https://www.imdb.com/title/tt16969906/
Cuatas,Cecilia Martínez García,https://www.imdb.com/title/tt14176542/
Dando duro,Raúl Baena Amador,https://www.imdb.com/title/tt0098206/
Del manantial del corazón,René Vargas Madrigal,https://www.imdb.com/title/tt14589796/
Desaparecer por completo,Luis Javier Henaine,https://www.imdb.com/title/tt8851084/
Días negros,Francisco Laresgoiti,https://www.imdb.com/title/tt15909158/
Dirty Feathers,Carlos Alfonso Corral,https://www.imdb.com/title/tt13918164/
Distrito Olvido,Thom Díaz,https://www.imdb.com/title/tt14447042/
Donde hay agua,Lizbeth Pineda Alvarado,https://www.imdb.com/title/tt5748234/
El águila y el gusano,Guita Schyfter,https://www.imdb.com/title/tt16030178/
El canto de las moscas,Ricardo Soto,https://m.imdb.com/title/tt11260860/?language=es-mx
El comediante,"Rodrigo Guardiola, Gabriel Nuncio",https://www.imdb.com/title/tt11363540/
El compromiso de las sombras,Sandra Luz López Barroso,https://www.imdb.com/title/tt12762804/?language=es-mx
El comunismo en México y el movimiento estudiantil del 68,Saudhi Batalla,https://www.imdb.com/title/tt11585738/
El convento franciscano de Xalapa,Gustavo Vega,https://www.imdb.com/title/tt1764240/
El día es largo y oscuro,Julio Hernández Cordón,https://www.imdb.com/title/tt13314558/
El día que me fui para ser María,Sofía Castellanos,https://m.imdb.com/name/nm0695042/fullcredits
El día que todo cambió,Javier Colinas,https://www.imdb.com/title/tt10522290/
El eco,Tatiana Huezo,https://www.imdb.com/title/tt26448953/
El encargo de los dioses,Pedro Daniel López,https://www.imdb.com/title/tt7160070/
El extraño caso del fantasma claustrofóbico,Alejandro Sugich,https://www.imdb.com/title/tt22048932/
El gran aviso,Juan Carlos Salas,https://www.imdb.com/title/tt3711510/
El grosor del polvo,Jonathan Hernández,https://www.imdb.com/title/tt14658916/
El matrimonio de Pepe y Constanza,Santiago Mohar Volkow,https://www.imdb.com/title/tt15383624/fullcredits?mode=desktop
El norte sobre el vacío,Alejandra Márquez Abella,https://www.imdb.com/title/tt14030846/
"El reencuentro. Moctezuma y Cortés, 500 años",Miguel Gleason,https://www.imdb.com/title/tt15472482/?language=es-mx
El roomie,Pitipol Ybarra,https://www.imdb.com/title/tt7587890/
El sastre de la muerte,Sandra Martínez,https://www.imdb.com/title/tt14114802/
El silencio de mis manos,Manuel Acuña,https://m.imdb.com/title/tt15379842/
El sueño de ayer,Emilio Maillé,https://www.imdb.com/title/tt12878292/
El suplente,Diego Lerman,https://www.imdb.com/title/tt15941636/
El trip,Rafael Altamira,https://www.imdb.com/title/tt13109952/
El viaje,Lucero González,https://www.imdb.com/title/tt13109952/
El viaje de Paty,Santiago Pedroche de Samaniego,https://www.imdb.com/title/tt12065048/
El viaje de Ximena,Pau Ortiz Rosell,https://www.imdb.com/title/tt1524723/
Ellas,Guadalupe Sánchez Sosa,https://www.imdb.com/title/tt13366520/
En primera línea,David Saez Collado,https://www.imdb.com/title/tt1347442/
Enfermo amor,"Marco Polo Constandse, Rodrigo Nava",https://www.imdb.com/title/tt14575162/
Escocia no es un banco,"Cristian Franco, Carlos Matsuo",https://www.imdb.com/title/tt21091028/
Esperanza. Las vendedoras del tren,"Carmen Ramírez Domínguez, José Antonio Ruíz Jarquín, Óscar Flores Solano",https://www.imdb.com/title/tt0095114/releaseinfo/
Estación catorce,Diana Cardozo,https://www.imdb.com/title/tt11337654/
Esther sin H,Alejandra Islas,https://www.gaceta.unam.mx/esther-sin-h-documental-de-estreno-en-tv-unam/
Estoy cansado de despertarme contigo,Jesús Herrera Jaimes,https://www.imdb.com/title/tt14449678/
Eureka,Lisandro Alonso,https://www.imdb.com/title/tt0796264/
Expira,Leopoldo Laborde,https://www.imdb.com/title/tt7963340/
Fantasmas con armas,Alexys Mauricio Avendaño Castro,https://www.imdb.com/title/tt2005151/
Fantasmas y la última pesadilla,Ian Martín,https://www.imdb.com/title/tt13846116/
Farafangana,Lorenzo Hagerman,https://www.imdb.com/name/nm0353532/
Fido Fest. El rock progresivo,Allan Márquez,https://gnoswindoo.tk/143siidinspmxLScUEf377
Fiesta nacional,Augusto de Alba,https://www.imdb.com/title/tt0819323/
Finlandia,Horacio Alcalá,https://www.imdb.com/title/tt9487526/
Flores en el valle,Ramón Llaven Zavala,https://www.imdb.com/title/tt0187012/
Fugas e irrupciones,Verónica Marín,https://www.imdb.com/title/tt13465976/releaseinfo/
Furia roja,Hatuey Viveros,https://www.imdb.com/title/tt0423608/
Gilberto,Juan Aceves,https://www.imdb.com/name/nm0207010/
Goy,Santiago Salinas Sacre,https://www.imdb.com/title/tt1848913/
Goya,Pablo Orta,https://www.imdb.com/title/tt0455957/
Grabado en la memoria,Pablo Jato,https://www.imdb.com/title/tt12306716/
Háblame de ti,José Eduardo Cortés Moreno,https://www.imdb.com/title/tt21110704/
Hacernos así,Rafael Martínez Sánchez,https://www.imdb.com/title/tt0218177/
Hasta el fin del mundo,Emiliano Castro Vizcarra,https://www.imdb.com/title/tt3886214/
Heroico,David Zonana,https://www.imdb.com/title/tt24079846/
Hijas del maíz,Alfonso Gastiaburo,https://www.imdb.com/title/tt0087050/
"Hope, Soledad",Yolanda Cruz Cruz,https://www.imdb.com/title/tt15379530/
Huesera,Michelle Garza Cervera,https://www.imdb.com/title/tt11718516/
Impostor(es),Rocko D. Márquez,https://www.imdb.com/title/tt0160399/
Inmersión,Nicolás Postiglione,https://www.imdb.com/title/tt13845792/
Instrucciones para decir adiós,Pablo Arredondo,https://www.imdb.com/title/tt5537686/
Israel,Ernesto Baca,https://www.imdb.com/search/title/?country_of_origin=IL
Jezabel,Hernán Jabes,https://www.imdb.com/title/tt9339850/
Juguemos en el bosque,"Alejandra Cárdenas, Guillermo Granillo",https://www.imdb.com/title/tt6437900/
Karnawal,Juan Pablo Félix,https://www.imdb.com/title/tt12121760/
La bruja y el demonio,Rubén Colin Gama,https://www.imdb.com/title/tt10204362/
La caída,Gabriel Ripstein,https://www.imdb.com/title/tt22656762/
La civil,Teodora Ana Mihai,https://www.imdb.com/title/tt13827606/
La colonial,David Buitrón Fernández,https://www.imdb.com/title/tt4005402/
La cura es la locura,Natalia Bermúdez,https://www.imdb.com/title/tt0075899/
La exorcista,Adrián García Bogliano,https://www.imdb.com/title/tt14927188/
La gran historia de la filosofía occidental,Aria Covamonas,https://www.imdb.com/title/tt6230134/
La hija de todas las rabias,Laura Baumeister de Montis,https://www.imdb.com/title/tt15670314/
La libertad fantasma,Gastón Andrade Juárez,https://www.imdb.com/title/tt0071487/
La llevada y la traída,Ofelia Medina,https://www.imdb.com/title/tt15477294/
La novena infinita,"Ricardo Yahuaca Vázquez, Jazim Iván Meza Beltrán",https://www.imdb.com/title/tt18311482/
La novia de América,Alfonso Albacete,https://www.imdb.com/title/tt26845906/
La poeta del ring,Mariana Tames,https://www.imdb.com/title/tt14167658/
La primavera de los anacoretas,Andrés Kaiser,https://www.imdb.com/title/tt22533006/
La puerta verde,Guillermo García Vejar,https://www.imdb.com/title/tt14904970/
La recua,"Darío Higuera Meza, Trudi Angell",https://www.imdb.com/title/tt14207630/
La vida en el silencio,Rodrigo Arnaz,https://www.imdb.com/title/tt10984980/
La vida no vale nada,Alejandra Sánchez Orozco ,https://www.imdb.com/title/tt0047654/
Lalo y Luquín,Jorge Curioca,https://www.imdb.com/title/tt0154433/fullcredits?mode=desktop&ref_=m_ft_dsk
Las hijas del viento,José de Jesús Camacho Cabrera,https://www.imdb.com/title/tt0164640/
Las hostilidades,M. Sebastián Molina,https://www.imdb.com/title/tt16244842/
Leonora después del pincel,Alan David Cabrera,https://www.imdb.com/name/nm0049559/
Ligando padre,Pitipol Ybarra,https://www.imdb.com/title/tt14891922/
Lluvia,Rodrigo García Saiz,https://www.imdb.com/title/tt10345346/
Lo contrario de la muerte,Carlo Corea,https://www.imdb.com/title/tt16531860/
Lo que queda en el camino,"Jakob Krese, Danilo do Carmo",https://www.imdb.com/title/tt15642222/
Lockdown Inside Me,León Alvarado Guerrero,https://www.imdb.com/title/tt12943082/
Los árboles mueren de pie,"Fany Fulchiron, Ronan Kerneur",https://www.imdb.com/title/tt2951134/
Los brujos,Christopher Murray,https://www.imdb.com/title/tt7712148/
Los codos de Monterrey,Gil Morales,https://www.imdb.com/title/tt21306656/
Los fundadores,Diego Hernández,https://www.imdb.com/title/tt14009690/
Los hermosos vencidos,Guillermo Magariños,https://www.imdb.com/title/tt13918650/
Los hilos de Eva,Alma Valeria Ruiz Urbina,https://www.imdb.com/name/nm6551091/
Los minutos negros,Mario Muñoz,https://www.imdb.com/title/tt9893012/
Los niños invisibles (Home is Somewhere Else),"Carlos Hagerman, Jorge Villalobos",https://www.imdb.com/title/tt0264944/
Los plebes,"Eduardo Giralt Brun, Emmanuel Massú",https://www.imdb.com/title/tt13991372/
Los sones de los tejedores,Ismael Vásquez Bernabé,https://www.imdb.com/title/tt19853698/
Los sueños y los días en Cuba,Jimena Perzabal,https://www.imdb.com/title/tt0125711/
Los vigilantes del Ródano,Gil Morales,https://www.imdb.com/title/tt14162006/
Luchadoras,"Paola Calvo, Patrick Jasim",https://www.imdb.com/title/tt13848044/
Luciana,Minerva Rea,https://www.imdb.com/title/tt1674718/
Luna,Romeo De Paz,https://www.imdb.com/title/tt6088456/
Luna negra,Tonatiuh García,https://www.imdb.com/title/tt20947246/
Malcriados,Gabriela Sobarzo,https://www.imdb.com/title/tt12058412/
Malvada,José Manuel Cravioto,https://www.imdb.com/title/tt21817022/
Mañana el fuego,Rodrigo Mendoza,https://www.imdb.com/title/tt13482828/
" Mariachis Son, vida y alegría",Amador Arellanos Juárez,https://www.imdb.com/title/tt11651278/
Mazunte,Saudhi Batalla y Eva Bodenstedt,https://www.imdb.com/title/tt13422364/
Me'e Sacramento,Florencia Gómez Sántiz,https://www.imdb.com/title/tt13491834/
Melancolía,Jorge Xolalpa,https://www.imdb.com/title/tt1527186/
Mi cuerpo es una estrella que se expande,Tania Hernández Velasco,https://www.imdb.com/title/tt6423362/
Monstruo de Xibalbá,Irene Espitia,https://www.imdb.com/title/tt19887250/
Mostro,José Pablo Escamilla,https://www.imdb.com/title/tt11746688/
Nada que ver,Kenya Márquez,https://www.imdb.com/title/tt23553530/
No nos moverán,Pierre Saint-Martin Castellanos,https://www.imdb.com/title/tt0323426/
No quiero ser polvo,Iván Löwenberg,https://www.imdb.com/title/tt8693358/
Nogales,Roger Ellis Frazier,https://www.imdb.com/title/tt15131266/
Nos hicieron noche,Antonio Hernández,https://www.imdb.com/title/tt13920142/
Nunca seremos parte,Amelia Eloisa,https://www.imdb.com/title/tt12191458/
Oaxacalifornia El regreso,Trisha Ziff,https://www.imdb.com/title/tt12973746/
Obispo rojo,Francesco Taboada Tabone,https://www.imdb.com/name/nm0737924/
Ojos que no ven,Alfonso Zárate Santos,https://www.imdb.com/title/tt12042872/
Operación Feliz NavidadLa estafa de los duendes,Alonso Iñiguez,https://www.imdb.com/title/tt14639680/
Pacientes recurrentes,Mario Bogart,https://www.imdb.com/title/tt14280142/
Padre Pablo,José Luis Isoard,https://www.imdb.com/title/tt14406956/
Paisajes en la piel,"Pablo Chavarría Gutiérrez,Diego Amando Moreno Garza",https://www.imdb.com/title/tt0450537/
Pandemonium,Emmanuel Panizzo,https://www.imdb.com/title/tt0084464/
Para toda la vida,René Bueno,https://www.imdb.com/title/tt0211837/
Pasitos a la fama,Carlos Carrera,https://www.imdb.com/title/tt19072286/
Peligro en tu mirada,Raúl Caballero,https://www.imdb.com/title/tt13360586/
Pérdida total,Enrique Begné,https://www.imdb.com/title/tt9068514/
Peregrinación a San Antonio,Diego Graue,https://www.imdb.com/title/tt12303550/
Permitidos,Raúl Martínez,https://www.imdb.com/title/tt5680744/
Plaza Catedral,Abner Benaim,https://www.imdb.com/title/tt8657700/
Pobo' Tzu',"Yollotl Alvarado Gómez,Tania Ximena Ruiz Santos",https://www.imdb.com/title/tt13767286/
Podcast,Julio César Estrada,https://www.imdb.com/podcasts/
Pola Weiss,Alejandra Arrieta,https://www.imdb.com/name/nm1340218/
Polvo de gallo,Julio López Fernández,https://www.imdb.com/title/tt11671832/
Por favor no me abandones,Antonio Rotunno,https://www.imdb.com/title/tt11646268/
Por mi hija,Fernando Rodríguez,https://www.imdb.com/title/tt14881086/
Poseído,Javier Ruiz,https://www.imdb.com/title/tt0409182/
Presencias,Luis Mandoki,https://www.imdb.com/title/tt14212142/
Querida Nancy,Olivia Peregrino,https://www.imdb.com/name/nm12593345/
Reemplazables,René Olivas Gastélum,https://www.imdb.com/title/tt11579538/
Rock x la vida El documental,Alejandro Tavares López,https://www.imdb.com/title/tt8485426/
Ruido,Natalia Beristáin,https://www.imdb.com/title/tt14742450/
Sacrificios,Mauricio Chernovetzky,https://www.imdb.com/title/tt5419878/
San Jhonny,Arturo Pulido,https://www.imdb.com/name/nm10909849/
"Sangre, sudor y llaves","Guinduri Arroyo, Orlando Jiménez Ruiz",https://www.imdb.com/title/tt9863788/
Santuario El viaje perrote de Paty Aguirre,Christian Sida,https://www.mexicoescultura.com/actividad/252899/it.html
Semillas de pólvora,Arturo González Villaseñor,https://www.imdb.com/title/tt8368408/
Silencios,Gladys Lizárraga,https://www.imdb.com/title/tt8346446/
Sin ti no puedo,Chus Gutiérrez,https://www.imdb.com/title/tt14488434/
Sirena,Miguel Ángel Contreras Pelayo,https://www.imdb.com/title/tt5615700/
Sleepwalk,Ricardo González Silva,https://www.imdb.com/title/tt0091971/
Sombría,Juan Pablo Cortés,https://www.imdb.com/title/tt9731534/
Sonus,Diego del Río,https://www.imdb.com/name/nm10555615/
Soundtrack,Humberto Abiel Garza,https://www.imdb.com/title/tt7913450/
Tare,"Andrea Martínez Crowther, Tenoch Huerta",https://www.imdb.com/title/tt13071294/
Te buscaré hasta encontrarte,Ludovic Bonleux,https://www.imdb.com/title/tt14796604/
Te nombré en el silencio,José María Espinosa de los Monteros,https://www.imdb.com/title/tt15256288/
Tengo un sueño La película,Carlos Lara,https://www.imdb.com/title/tt21227238/
The Cartel Project,Jules Giraudat,https://www.imdb.com/title/tt14585952/
The Juniors y la fórmula imperial,Ricardo Tavera,https://www.imdb.com/title/tt9758500/
Todos sus muertos,Antonio Kasis,https://www.imdb.com/title/tt16538106/
"Tonantzin, Guadalupe",Jesús Muñoz,https://www.imdb.com/title/tt26681218/
Tótem,Lila Avilés,https://www.imdb.com/title/tt26315142/
Transition,Alejandro Torres Kennedy,https://www.imdb.com/title/tt5212488/
Travesía a los confines,Adrià Campmany Buisán,https://www.imdb.com/title/tt25730388/
Travesías,Sergio Flores Thorija,https://www.imdb.com/title/tt15767158/
Triangle of Sadness,Ruben Östlund,https://www.imdb.com/title/tt7322224/
Trimmigrants,"David Kohan, Gustavo Anselmi",https://www.imdb.com/title/tt10426548/
Tú eres mi problema,Álvaro Curiel,https://www.imdb.com/title/tt13804586/
Tus dos muertos,Daniel Castro Zimbrón,https://www.imdb.com/title/tt1787829/
Tzofo,Salvador Martínez,https://www.imdb.com/title/tt15524352/
Un lugar llamado música,Enrique M. Rizo,https://www.imdb.com/title/tt12718986/
Un mundo mejor,Janett Juárez,https://www.imdb.com/title/tt1340107/
Un rincón sin cielo,Lisset Bohe,https://www.imdb.com/title/tt0045090/
Una jauría que se llama Ernesto,Everardo González,https://www.imdb.com/title/tt5937210/
Underdogs (7 to smoke Breaking la vida),Abraham Escobedo Salas,https://www.imdb.com/title/tt11729298/
Users,Natalia Almada,https://www.imdb.com/title/tt13609638/
Va por Diego,Miguel Flatow,https://www.imdb.com/video/vi1134412569/
Ventura,Gisela Cristina Delgadillo Guevara,https://www.imdb.com/name/nm2375197/
"Verde, azul o café",Erick Blackmer,https://www.imdb.com/title/tt13877378/
Vienes de noche,Jorge Michel Grau,https://www.imdb.com/title/tt4695012/
Jazzamoart Vivir la vida como jazz,Floria González,https://www.facebook.com/IMCARoficial/videos/documental-vivir-la-vida-como-jazz-jazzamoart-en-el-guanajuato-international-fil/306119357982895/?locale=sq_AL
Volveré,Carlos Salces,https://www.imdb.com/title/tt0441909/
Wango & Quark,Topo Gómez,https://www.imdb.com/title/tt12968712/
Wetiko,Kerry Mondragón,https://www.imdb.com/title/tt14312242/
When You Are Gone,Rafael Altamira,https://www.imdb.com/title/tt13501972/
Who Speaks Love?,Rafael Altamira,https://www.imdb.com/title/tt14573312/
XV primaveras,Chava Cartas,https://www.imdb.com/title/tt15565710/
Yo'on k'ox krem (Corazón de niño),Bernardino de Jesús López de la Cruz,https://www.imdb.com/title/tt0279748/
Yo soy Bernabé,Humberto Espinal Rivera,https://www.imdb.com/title/tt14624566/
Yudxi,Josué Vásquez Martínez,https://www.imdb.com/title/tt7549996/
Yurei,Sumie García,https://www.imdb.com/title/tt18573684/
Zona norte,Javier Ávila,https://www.imdb.com/title/tt5372600/
