Film,Director,urlmubi
Día seis,Juan Pablo Arroyo Abraham,https://mubi.com/es/films/the-6th-day
Aquí sigo,Lorenzo Hagerman,https://mubi.com/es/films/still-here
Los paisajes,Rodrigo Cervantes,https://mubi.com/es/films/landscapes-2022
William El nuevo maestro del judo,Ricardo Silva  Omar Guzmán,https://mubi.com/es/films/william-the-new-judo-master
Un caballo llamado Elefante,Andrés Waissbluth,
Bruma,Max Zunino,https://mubi.com/es/films/bruma
Llegando a casa Rayados de Monterrey,Fernando Kalife,
Conversaciones con Mono Blanco,Jaime Cruz,https://mubi.com/es/films/conversaciones-con-un-mono
Soneros son,Jorge Curioca,
Oso polar,Marcelo Tobar,https://mubi.com/es/films/polar-bear
Tipo de cambio,Sharon Alpuche,https://mubi.com/es/memberships
A pie,Silverio Palacios,https://mubi.com/es/films/pie
Casa caracol,Jean-Marc Rousseau Ruiz,https://mubi.com/es/films/casa-caracol
Túnel 19,Pitipol Ybarra,https://mubi.com/es/films/the-tunnel-2019
Yuanfen,Rafael Reséndiz Durán,
El vecino,Giancarlo Ruiz,https://mubi.com/es/films/el-vecino
Heroyna,Alejandro Solórzano Garibaldi,https://mubi.com/es/films/heroina
Julián,Izrael Moreno,https://mubi.com/es/films/julian
La jaula,Juan Pablo Blanco,https://mubi.com/es/films/la-jaula
Los que no saben volar,Hill Díaz,https://mubi.com/es/films/birds-or-how-to-be-one
Morir de amor,Jorge Araujo,https://mubi.com/es/films/to-die-of-love
Nocturno,Luis Ayhllón Flores,https://mubi.com/es/films/nocturne-2020
Nunca jures por la luna,Teo Martínez,
Ovnis en Zacapa,Marcos Machado Loría,
Palomar,Luis R. Garza,https://mubi.com/es/cast/rosa-palomar
Sinestesia,Rodrigo Ortega Ortuño,https://mubi.com/es/films/synesthesia
Yacuna El amor a la vida,Eustaquio del Río,
Zanjas,Francisco Joaquín Paparella,https://mubi.com/es/films/ditches
Plan Virgen,Roberto Fiesco,https://mubi.com/es/films/hail-mary
Alba,Ana Cristina Barragán,https://mubi.com/es/films/alba-2016
Baño de vida,Dalia R. Reyes,https://mubi.com/es/films/bano-de-vida
Mi sangre enarbolada,Luis Palomino Benítez,
El ocaso de las diosas,Carlos Mignon,https://mubi.com/es/films/el-ocaso-de-las-diosas
Lupe bajo el sol,Rodrigo Reyes,https://mubi.com/es/films/lupe-under-the-sun
Pacífico,Fernanda Romandía,https://mubi.com/es/films/pacifico
El Alien y yo,Jesús Magaña Vázquez,https://mubi.com/es/films/the-alien
La vida inmoral de la pareja ideal,Manolo Caro,https://mubi.com/es/films/the-immoral-life-of-the-perfect-couple
La leyenda del Chupacabras,Alberto Rodríguez,https://mubi.com/es/films/la-leyenda-del-chupacabras
Sin dios y sin diablo. Jaime Sabines y sus lectores,Claudio Isaac,
Un padre no tan padre (antes/previously El patriarca),Raúl Martínez,https://mubi.com/es/films/un-padre-no-tan-padre
Mientras el lobo no está,Joseph Hemsani,https://mubi.com/es/films/when-the-wolf-is-not-around
Helena (antes/previously Julieta),Alejandro Sugich,https://mubi.com/es/films/julieteta
Tus feromonas me matan,Juan Carlos de Llaca,
Mis demonios nunca juraron soledad,Jorge Leyva,
La pierde almas (antes/previously Moronga),John Dickie,
La voz de un sueño (antes/previously Gotas de Rocío),Analeine Cal y Mayor Martínez del Cerro,https://mubi.com/es/cast/rocio-lara
La negrada (Black People),Jorge Pérez Solano,https://mubi.com/es/films/black-mexicans
Hasta los dientes,Alberto Saúl Arnaut Estrada,https://mubi.com/es/films/armed-to-the-teeth
Día de Muertos,Danny Huston,https://mubi.com/es/films/day-of-the-dead
El guardián de la memoria,Marcela Arteaga Esquerra,https://mubi.com/es/films/the-guardian-of-memory
La promesa,Óscar Alberto Blancarte,https://mubi.com/es/films/la-promesse
El filósofo y los toros (antes/previously Un filósofo en la arena),Aarón Fernández  Jesús Muñoz,https://mubi.com/es/films/a-philosopher-in-the-arena
3 idiotas,Carlos Bolado,https://mubi.com/es/films/3-idiots
La gran promesa (antes/previously Caja oscura),Jorge Ramírez Suárez,https://mubi.com/es/films/the-camera-obscura
Camino a Marte,Humberto Hinojosa,https://mubi.com/es/films/road-to-mars
Los adioses (antes/previously Guerra),Natalia Beristáin,https://mubi.com/es/films/los-adioses
Amanda (antes/previously Cómo cortar a tu patán),Gabriela Tagliavini,
Cómo matar a un esposo difunto,Conrado Martínez,https://mubi.com/es/films/como-matar-a-un-esposo-muerto
El día del temblor (antes/previously 1985),Kuno Becker,https://mubi.com/es/films/nineteen-nineteen
¡Como va! Lo más sencillo es complicarlo todo,René Bueno,https://mubi.com/films/lo-mas-sencillo-es-complicarlo-todo
Todos aman a alguien,Catalina Aguilar Mastretta,https://mubi.com/es/films/talk-of-the-town
Restos de viento,Ximena Montemayor,
Las siete muertes (antes/previously Las muertes de Lucía B),Gerardo Herrero,https://mubi.com/es/films/lucia
Café: alma y resistencia,Alejandro Díaz San Vicente,https://mubi.com/es/films/on-body-and-soul
Torre,Juan Obregón,https://mubi.com/es/cast/raul-de-la-torre
Coatí,Rodrigo Pérez Castro,https://mubi.com/es/films/koati
Noches de julio,Axel Mishael Muñoz Barba,https://mubi.com/es/films/the-night-2021
Ciudad,Carlos Federico Rossini  Everardo González Reyes  Nicolás Echeverría Ortiz  Tatiana Ixquic Huezo Sánchez  Paul Leduc Rosenzweig,https://mubi.com/es/films/ciudad
Roma,Alfonso Cuarón,https://mubi.com/es/films/roma-2017
El vendedor de orquídeas,Lorenzo Vigas,https://mubi.com/es/films/the-orchid-seller
Tote (Abuelo),María Dolores Arias,
Mover un río,Alba Herrera Rivas,
Gone Missing. El último viaje de Juan Viejo,Till Cöster,https://mubi.com/es/films/gone-missing
Zama,Lucrecia Martel,https://mubi.com/es/films/zama
Guerrero,Ludovic Bonleux,https://mubi.com/films/guerrero-2016
Maricarmen,Sergio Adrián Morkin,https://mubi.com/es/films/maricarmen
Notas para no olvidar,Hatuey Joaquín Viveros,https://mubi.com/es/films/an-exercise-to-never-forget
Una corriente salvaje,Nuria Ibáñez Castañeda,https://mubi.com/es/films/a-wild-stream
Laberinto Yoéme,Sergi Pedro Ros,
La ley del monte,Mario Mandujano,
El refugio de los insomnes,José Giordano,https://mubi.com/es/films/el-club-de-los-insomnes
Takeda,Yaasib Álvaro Vázquez,https://mubi.com/es/cast/shinji-takeda
Rita,Arturo Díaz Santana,https://mubi.com/es/films/rita-2012
Mente revólver,Alejandro Ramírez Corona,https://mubi.com/es/films/revolver-mind
El baile y el salón,Iván Porras,https://mubi.com/es/films/the-ballroom
Un buen sabor de boca,Jaime Humberto Hermosillo,https://mubi.com/es/films/bitter-daisies
Opus Zero,Daniel Graham,https://mubi.com/es/films/opus-zero
La boda de Valentina,Marcopolo Constance,https://mubi.com/es/films/la-boda-de-valentina
La misma sangre,Ángel Linares,https://mubi.com/es/films/luciano-serra-pilot
Cría puercos,Ehécatl García Jiménez,https://mubi.com/es/films/esmeralda-s-twilight
A ti te quería encontrar,Javier Colinas,
Escuela para seductores,Giovanna Zacarías,
Rush Hour,Luciana Kaplan,https://mubi.com/es/films/rush-hour-1941
Cuando los hijos regresan,Hugo Lara,https://mubi.com/es/films/cuando-los-hijos-regresan
Moctezuma y yo,Issa López,https://mubi.com/es/cast/juan-lopez-moctezuma
Viviana Rocco. Yo trans,Daniel Reyes,
Dispositio,Nila Guiss,https://mubi.com/es
Los años azules,Sofía Gómez Córdova,https://mubi.com/es/films/the-blue-years
Silenciosa,Sofía Medrano,https://mubi.com/es/films/silent-light
Ayotzinapa 26,Fernando Eimbcke  Abraham Escobedo Salas  Dr. Alderete  Paula Markovitch  Aarón Fernández  Julien Devaux  François Olislaeger  Bruno Bichir  Hari Sama  Kenya Márquez  Alberto Reséndiz  Sebastián Hoffman  Jorge Bolado  Pablo Fulguería  Lucía Gajá  Ludovic Bonleux  Mariana Rodríguez  Christine Burkhard  Alex Noppel  Marcello Sahea  Ricardo del Conde  Viviana García.,https://mubi.com/es/films/ayotzinapa-26
Algo de todos,Isabel María,https://mubi.com/es/films/something-borrowed
Humboldt en México. La mirada del explorador,Ana Cruz Navarro,https://mubi.com/es/films/the-gaze-of-the-explorer-humboldt-in-mexico
Mientras se espera,Paola Villanueva,https://mubi.com/es/films/long-way-home
American Curious,Gabylú Lara,
Donde se quedan las cosas,Daniela Silva Solórzano,https://mubi.com/es/films/the-misfortunates
A toca do lobo,Catarina Mourão,https://mubi.com/es/films/the-wolf-s-lair
Entre pasos y sonidos,Elizabeth Piña Hernández,https://mubi.com/es/films/birds-or-how-to-be-one
Los quijotes de la marcha,Florencia Davidzon,https://mubi.com/es/films/don-quixote-de-la-mancha
País desfragmentado y desigual. De los derechos a los hechos,Araceli Martínez Pérez,
Qué comience la función,Mayra Alejandra Toscano Villicaña,https://mubi.com/es/about
La nueva Medellín,Catalina Villar,
Sonali,Paulina Urreta,https://mubi.com/es/cast/sonali-bendre
Suelo mirar al cielo,Liliana Cortés González,https://mubi.com/es/films/what-do-we-see-when-we-look-at-the-sky
Por donde pasa el diablo,Sofía Castillo  Margot Florestorre,https://mubi.com/es/films/les-cinq-diables
Sobre tus huellas,Luis Yduñate,
El sonido de las células,Martín Amilcar,https://mubi.com/es/lists/the-importance-of-sound
Mi padrino,Beto Gómez,https://mubi.com/es/films/the-godfather-part-iii
Ni un minuto que perder,Luis Eduardo Reyes,https://mubi.com/users/3642673
Territorio Leonora,Gibrán Bazán,
Welcome to Acapulco,Guillermo Iván,https://mubi.com/es/films/welcome-to-acapulco
Paraíso en Auschwitz,Aarón Cohen,
Desayuno de perros (Dog ́s Breakfast),Rich Valverde,https://mubi.com/es/films/a-dogs-breakfast
El lugar de las flores,Héctor I. Jiménez,https://mubi.com/es/films/isle-of-flowers
El ruiseñor y la noche. Chavela Vargas canta a Lorca,Rubén Rojo Aura,
Norte estrecho,Omar L. Villarroel,https://mubi.com/es/films/northern-skies-over-empty-space
Nueva Venecia,Emiliano Mazza de Luca,https://mubi.com/es/films/nueva-venecia
Pies ligeros,Juan Carlos Núñez Chavarría,https://mubi.com/es/films/lorena-light-footed-woman
Shih,Bruno Zafforra  Rafael Ortega,https://mubi.com/es/cast/kien-shih
La coartada perfecta (The Hit Producer),Kevin de la Isla,
Historia de dos que soñaron,Nicolás Pereda  Andrea Bussmann,
Histeria,Carlos Meléndez,https://mubi.com/es/films/histeria
Malacrianza,Arturo Menéndez,https://mubi.com/es/films/the-crow-s-nest
Forward,Henry Bedwell,https://mubi.com/es/films/forward-2019
Las letras,Pablo Chavarría Gutiérrez,https://mubi.com/es/films/the-alphabet
La niña de la mina,Jorge Eduardo Ramírez,https://mubi.com/es/films/la-nina-de-la-mina
Pink,Paco del Toro,https://mubi.com/es/cast/pink
Teokari Compañero de camino,Salvador Espinosa Orozco,
Erosión,Carlos Underwood  Sergio Santiago,https://mubi.com/es/films/erosion
Mirar morir El ejército en la noche de Iguala,Coizta Grecko,
Eva no duerme,Pablo Argüero,https://mubi.com/es/films/eva-doesn-t-sleep
Mañana psicotrópica,Alexandro Aldrete,https://mubi.com/es/films/psychotropic-sunrise
Pistola de juguete,Adolfo López,
Las aventuras de Itzel y Sonia (antes/previously Itzel y Sonia en busca de los Guardianes del Agua),Fernanda Rivero Gutiérrez,
Minezota,Carlos Enderle,https://mubi.com/es/films/minnesota-clay
3 mujeres (o despertando de mi sueño bosnio) 3 zene (or Waking Up From My Bosnian Dream),Sergio Flores Thorija,https://mubi.com/es/films/3-zene-or-waking-up-from-my-bosnian-dream
La selva negra,Saúl Kak  Charles Fairbanks,https://mubi.com/es/films/the-modern-jungle
Mientras se busca al diablo,Danniel Danniel  Diego Gutiérrez,https://mubi.com/es/films/les-cinq-diables
Mexicanos de bronce,Julio Jesús Fernández Talamantes,
Santa Teresa y otras historias,Nelson de los Santos Arias,https://mubi.com/es/films/santa-teresa-and-other-stories
"Treintona, soltera y fantástica",Chava Cartas,https://mubi.com/es/films/treintona-soltera-y-fantastica
La vieja escuela,Alejandro Soltero,
El chico de Oklahoma,Julio Carlos Ramos Zapata,https://mubi.com/es/films/the-oklahoma-kid
Panoramas,Rodrigo Guardiola  Gabriel Cruz Rivas,https://mubi.com/es/films/zoe-panoramas
Bonsai,Alex Andonie,https://mubi.com/es/films/bonsai-2016
El salmón,Janett Juárez  Ricardo Martez,https://mubi.com/es/films/salmon
Casi paraíso,Pablo Narezo,https://mubi.com/es/cast/mariana-chenillo
La muñeca fea,Claudia López García  George Reyes,https://mubi.com/es/films/welcome-to-the-dollhouse
Te prometo nunca regresar,Pepe Gutiérrez García,https://mubi.com/es/films/i-promise-you-never-to-come-back
El navegante de fin de semana (The Weekend Sailor),Bernardo Arsuaga,https://mubi.com/es/films/the-weekend-sailor
En la periferia,Alberto Zúñiga Rodríguez,https://mubi.com/es/films/periferia
El mural no es como lo pintan,Paula Calzada  Héctor Falcón Villa  Karol Yáñez,
La huésped,Pedro Pablo de Antuñano Padilla,https://mubi.com/es/films/the-host-2013
Allá en la Costa Grande,Érick Rams,
El ombligo del cocoshle,David Antonio Martínez Pinacho,
El tercer espacio,Nejemye Tenenbaum,
Bastidores,Anaïs Huerta  Carlos Mignon  Bruno Bancalari  Paulina del Paso  Raúl Cuesta  Rodrigo VVG  Carlos Muñoz  Juliana Gómez,https://mubi.com/es/films/back-stage
Hermanos,Laura Plancarte,https://mubi.com/es/films/brothers-2009
Vidas con sabor,Pablo Gasca Gollás,https://mubi.com/es/lists/%E2%99%A9
Las reglas de la ruina,Víctor Osuna,https://mubi.com/es/films/slaughterhouse-rulez
Nerdertal,Ricardo Gómez Villanueva,https://mubi.com/es/films/neandertal
Jondo,Alfredo Ruiz,https://mubi.com/users/7088044
Poor People Relax Me,Miguel Ferráez  Clara Winter,
Cuando la vida no vale nada El mural,Ricardo Arenas,https://mubi.com/es/films/la-vida-no-vale-nada
The Public Image is Rotten,Tabbert Fiiller,https://mubi.com/films/the-public-image-is-rotten
Calypsonians,Anghelo Taylor  Damien Prouvost,https://mubi.com/es/cast/roy-fraser-and-his-calypsonians
Tatami El lugar menos hostil,David Torres,
La leyenda del Charro Negro,Alberto Rodríguez,https://mubi.com/es/films/la-leyenda-del-charro-negro
Detrás de la máscara La película documental de Rayo de Plata,Anubis Alejandro López Martínez,
Le Bouquiniste (El buquinista),Gibrán Bazán,
Feliz año Tijuana,Andrew van Baal,
Después del azul,Octavio Gasca,https://mubi.com/es/films/three-colors-blue
La segunda dama,Omar Oswaldo G. Aceves,https://mubi.com/es/films/the-second-woman
Incertidumbre,Haroldo Fajardo,https://mubi.com/es/films/the-uncertainty-principle
Vlog Vampire,Mayen Briem,
Etapas,Juan Pablo Cantú,https://mubi.com/es/films/druk
El callejón,Carolina Duarte,https://mubi.com/es/films/blind-alley-2011
Alex Winter,César Demian,https://mubi.com/es/cast/alex-winter
"I am God, Dogma I",Jorge Bolado,https://mubi.com/es/films/naan-kadavul
El día que conocí a María,Orlando Álvarez  Ariana García,
Entraña,Jair Torres Baizabal,https://mubi.com/es/films/entrana
El fin de la virtud,Abel B. Zuni,https://mubi.com/es/cast/angel-luis-fernandez
Hale Bopp,Jarib Zagoya Montiel,
La palabra de Pablo,Arturo Menéndez,https://mubi.com/es/films/the-power-of-speech
La caótica vida de Nada,Marta Hernaiz Pidal,https://mubi.com/es/films/the-chaotic-life-of-nada-kadic
La batalla del volcán,Julio López Fernández,https://mubi.com/es/films/under-the-volcano
Jazmines en Lídice,Rubén Sierra Salles,https://mubi.com/es/films/jasmines-in-lidice
Yo Fausto,Julio Berthely,https://mubi.com/es/films/i-faust
Island of the Dolls (La Isla de las muñecas),Sebastián Mantilla,https://mubi.com/es/films/island-of-the-dolls
Arritmia,Gibrán Bazán,https://mubi.com/es/films/arrhythmia
 Las hijas de Abril,Michel Franco,https://mubi.com/es/films/april-s-daughter
 Gente de mar y viento,Ingrid Eunice  Fabián González,
 Al otro lado del muro,Pau Ortiz,https://mubi.com/es/films/al-otro-lado-del-mar
 Verónica,Carlos Algara  Alejandro Martínez Beltrán,https://mubi.com/es/films/veronica-2017
 Hazlo como hombre,Nicolás López,https://mubi.com/es/films/hazlo-como-hombre
 El silencio es bienvenido,Gabriela García Rivas,https://mubi.com/es/films/el-silencio-es-bienvenido
 Artemio,Sandra Luz López Barroso,https://mubi.com/es/films/artemio
 Witkin & Witkin. Un fotógrafo y un pintor,Trisha Ziff,https://mubi.com/es/films/witkin-witkin
 Casi una gran estafa,Guillermo Barba,https://mubi.com/es/films/the-hoax
Feral,Andrés Eichelmann Kaiser,https://mubi.com/es/films/feral-2018-andres-e-kaiser
Nadie sabrá nunca,Jesús Torres,https://mubi.com/es/films/no-one-will-ever-know
El habitante,Guillermo Amoedo,https://mubi.com/es/films/el-habitante
Siempre andamos caminado,Dinazar Urbina Mata,
La compañía que guardas,Diego Gutiérrez,https://mubi.com/es/films/the-company-you-keep-2017
Una mujer sin filtro,Luis Eduardo Reyes,
El sembrador,Melissa Elizondo Moreno,https://mubi.com/es/films/the-sower-2018
Mapa de sueños latinoamericanos,Martín Weber,https://mubi.com/es/films/mapa-de-suenos-latinoamericanos
Pacífico Norte,Valentina Sachetti,
Una isla en el continente,Juan Pablo Miquirray,https://mubi.com/es/films/an-island-in-the-continent
La lengua de la lluvia/Tu ́un savi,Uriel López España,
Detrás de la montaña,David R. Romay,https://mubi.com/es/films/beyond-the-mountain
Donde nace la vida,Carlos Reygadas,https://mubi.com/es/showing
El actor principal,Paula Markovitch,https://mubi.com/es/cast/benicio-del-toro
Clases de historia,Marcelino Islas Hernández,https://mubi.com/es/films/history-lessons-2018
La mala noche,Gabriela Calvache,https://mubi.com/es/films/mala-noche
Ricochet,Rodrigo Fiallega,https://mubi.com/es/films/ricochet-2020
Vaquero del medio día,Alicia Cárdenas,https://mubi.com/es/films/vaquero-del-mediodia
Hasta que la boda nos separe,Santiago Limón,https://mubi.com/es/films/hasta-que-la-boda-nos-separe-2020
Los inquilinos,Iria Gómez Concheiro,https://mubi.com/es/films/the-tenant
Azul intenso,Roberto Hernández Ruiz,https://mubi.com/es/films/dark-blue-world/cast
Los poetas del cielo,Emilio Maillé,https://mubi.com/films/poets-of-the-sky
Daniela y Tania,Salomón Askenazi,https://mubi.com/es/films/two-times-you
"Tlalocan, bajo la ciudad de los dioses",Juan Roberto Mora Catlett  Carlos Rodrigo Montes,
Los hermanos Márquez Castillo,Mark Alazraki  Fernando Rovzar,
Luciérnagas,Bani Khoshnoudi,https://mubi.com/es/films/luciernagas
Malibú,Víctor Manuel Velázquez,https://mubi.com/es/films/malibu-2020
Las niñas bien,Alejandra Márquez Abella,https://mubi.com/es/films/the-good-girls
Guachicolero,Edgar Nito,https://mubi.com/es/films/the-gasoline-thieves
Allá en el rancho,Rafael Montero,https://mubi.com/es/films/out-on-the-big-ranch
Loca por el trabajo,Luis Eduardo Reyes,
Pájaros de verano,Ciro Guerra  Cristina Gallego,https://mubi.com/es/films/birds-of-passage
Asfixia,Kenya Márquez,https://mubi.com/es/films/choke
La marca del demonio,Armando Casas,https://mubi.com/es/films/mark-of-the-devil-2020
El ídolo,Erwin Neumaier,https://mubi.com/es/films/el-idolo
Compulsión,Batán Silva,https://mubi.com/es/films/compulsion-2017
Museo,Alonso Ruizpalacios,https://mubi.com/es/films/museum-2018
Dibujando el cielo,Ana Laura Calderón Montiel,
El complot mongol,Sebastián del Amo,https://mubi.com/films/the-mongolian-conspiracy
Bayoneta,Kyzza Terrazas,https://mubi.com/es/films/bayoneta
La ruta de los caídos,Alejandro Springall,https://mubi.com/es/films/when-angels-fall
Ni tú ni yo,Noé Santillán-López,https://mubi.com/es/films/ni-tu-ni-yo
El pequeño gran hombre,Jorge Ramírez-Suárez,https://mubi.com/es/films/little-big-man
Souvenir,Armond Cohen,https://mubi.com/es/films/the-souvenir
Placa de acero,Abe Rosenberg,
Ni tú ni nadie,Gabriel Guzmán,
Nahui,Gerardo Tort,https://mubi.com/es/films/nahui
 Si yo fuera tú,Alejandro Lubezki,
 Más allá de la herencia,Alejandro González Padilla,
 Tod@s caen,Ariel Winograd,https://mubi.com/es/films/tod-s-caen
"Emma, Dios y el fútbol",Julio Bárcenas,https://mubi.com/es/films/emma-2019
Cómprame un revólver,Julio Hernández Cordón,https://mubi.com/es/films/buy-me-a-gun
Los vientos de Santa Ana,Samuel Isamu Kishi Leopo,
La camarista,Lila Deisse Avilés Solís  Juan Carlos Márquez Cervantes,https://mubi.com/es/films/the-chambermaid-2018
La perla de Marina,Daniela Elena Alatorre,https://mubi.com/es/films/retreat-2019
Cuando cierro los ojos,Michelle Enedina,https://mubi.com/es/films/when-i-shut-my-eyes
"Cometa. Él, su perro y su mundo",Leonardo Arturo Domínguez,
Gigantes descalzos,Álvaro Priante  Iván Roiz,https://mubi.com/es/films/gigantes-descalzos
Cantadoras. Memorias de vida y muerte en Colombia,María Fernanda Carrillo Sánchez,
Truenos de San Juan,Santiago Maza,https://mubi.com/films/the-thunder-feast
Giro climático,Antonio Isordia  Michelle Ibaven  Carlos Armella  Teresa Camou  Sergio Blanco  Roberto Olivares  Eleonora Isunza  Gustavo Martínez Ballesté,https://mubi.com/films/cambio-climatico-desde-mi-region-un-fenomeno-que-nos-afecta-a-todos
Regreso al origen,María José Glender de Mucha,https://mubi.com/es
Hasta gritar gol,José Rubén Hernández Torres,
Rock Staff,Leonardo Orozco,https://mubi.com/es/lists/rock-n-roll-films
Talacheros F.C.,Gabriel Villegas  Mariano V. Osnaya,
El Tecolote,Jaime Rogel,
Los atardeceres rojos,Emilio Aguilar Pradal,https://mubi.com/es/films/los-atardeceres-rojos
La danza de las fieras,Miguel Ángel Fernández  Ana Díez  Rodrigo Ruíz Patterson  Gina Herrera,https://mubi.com/es/films/the-dance-of-reality
Jefe de jefes,Olallo Rubio,
Los ofendidos,Marcela Zamora Chamorro,https://mubi.com/es/films/aftermath/ratings
Día de visita,Nicole Opper,https://mubi.com/es/films/the-visit-2015-m-night-shyamalan
Ruinas tu reino,Pablo Escoto,https://mubi.com/es/films/ruinas-tu-reino
Casa Roshell,Camila José Donoso,https://mubi.com/es/films/casa-roshell
El carnaval de Oruro en Iztacalco,Sergio Sanjinés Franck,
La tierra aún se mueve,Pablo Chavarría Gutiérrez,https://mubi.com/es/films/still-the-earth-moves-2017
Pólvora y gloria,Viktor Jakovlesk,https://mubi.com/es/films/pain-and-glory
Amir,José Paredes,https://mubi.com/es/films/amir
Mujeres de manos cálidas,Adrián Macías Díaz,https://mubi.com/es/lists/the-power-of-women
La posesión de Altaír. 1974,Víctor Dryere,https://mubi.com/films/-1974
Lucha México,Alex Hammond  Ian Markiewicz,https://mubi.com/it/films/lucha-mexico
Las Chuntá,Genevieve Roudané,
Paraíso perdido,Oliver Victoria,https://mubi.com/es/films/paradise-lost-2018
Como te ves me vi,Germán Quintero,https://mubi.com/films/como-te-ves-me-vi
Bombay,Javier Ávila,https://mubi.com/es/films/bombay
Omar & Gloria,Jimmy Cohen,https://mubi.com/es/films/omar-gloria
Rojo paraíso,Alberto Amador,https://mubi.com/es/lists/paris
La vida que elegimos,Rocke Killingan,
Discolocos,David Dávila Herrera,
Anadina,Raúl Fuentes,https://mubi.com/es/films/undine-2020
Chasing Niagara,Rush Sturges,https://mubi.com/es/films/chasing-niagara
Rocío,Darío Guerrero,https://mubi.com/es/cast/rocio
Ayer maravilla fui,Gabriel Mariño,https://mubi.com/es/films/yesterday-wonder-i-was
Cuadros en la oscuridad,Paula Markovitch,
Despertar,Soley Bernal,https://mubi.com/es/films/despertar
Volverá el polvo a la tierra,Alejandro Soltero,
Fábulas de almas perdidas,Roberto Pacheco  Sinhué F. Benavides  Agustín Oso Tapia  Yuliana Barco  Jerónimo Barriga  Davek Carrizosa  Grecia Castellanos  A.J. Gómez,
El pensamiento del arte,Arturo Sezmer  Lorenzo Lagrava,https://mubi.com/es
Sinvivir,Anaïs Pareto Onghena,
El autor,Manuel Martín Cuenca,https://mubi.com/es/films/the-ghost-writer
Romina,Diego Cohen,https://mubi.com/es/films/romina
Atrás hay relámpagos,Julio Hernández Cordón,https://mubi.com/es/films/atras-hay-relampagos
El dibujante (The Drawer Boy),Arturo Pérez Torres,https://mubi.com/es/films/the-drawer-boy
Cómplices,Luis Eduardo Reyes,https://mubi.com/es/films/complices-2018
La cocina de Las Patronas,Javier García,https://mubi.com/es/films/la-cocina-de-las-patronas
Recuperando el paraíso,José Arteaga  Rafael Camacho,https://mubi.com/es/films/retrieving-paradise
Deseos,Flavio Florencio,https://mubi.com/es/films/desires
FemDom Dominación femenina,Christian González,
Un mundo raro Canciones de José Alfredo Jiménez,Iván López-Barba  Rubén R. Bañuelos,
México bárbaro II,Abraham Sánchez  Carlos Meléndez  Christian Cueva  Diego Cohen  Fernando Urdapilleta  Lex Ortega  Michelle Garza  Ricardo Farías  Sergio Tello,https://mubi.com/es/films/mexico-barbaro-ii
Cinderello,Beto Gómez,https://mubi.com/es/films/cinderella-2021
Un año de miradas al azar,Roberto Sánchez Santos,https://mubi.com/es/films/the-racer-and-the-jailbird/ratings
El brujo de Apizaco,Rodrigo Lebrija,
Memorias de lo que nunca fue,Leopoldo Laborde,https://mubi.com/es/films/boy-undone
El ombligo de Guie ́dani,Xavi Sala,https://mubi.com/es/films/guie-dani-s-navel
Lejos del sentido,Olivia Luengas,https://mubi.com/es/films/away-from-meaning
La era de la desconexión,Cristóbal González,https://mubi.com/es/films/disconnect-2012
La tercera raíz Buscando el origen del son jarocho,Allen Reed Rickert  Camilo Nu,
Mes nuits feront écho (Mis noches harán eco),Sophie Goyette,https://mubi.com/es/films/mes-nuits-feront-echo
La metamorfosis de Magdalena,Jorge Juvenal Arreola,
Cine lotería,Eduardo Luis Argüelles,https://mubi.com/es/cast/charles-neilson-terry
El pez (Le poisson),Martin Verdet,https://mubi.com/es/films/the-smoking-fish
MetaFilm,Jesús Rodríguez Chiva,https://mubi.com/es/lists/metacinema
Mirreyes contra Godínez,Chava Cartas,https://mubi.com/es/films/mirreyes-contra-godinez
Réplica,Oliver Victoria  Axel M. Espino  Carlos Reygadas  Everardo González  Santiago Arriaga  Vanessa Vidal  Jacaranda Correa  Santiago Fábregas,https://mubi.com/es/films/replica
Nunca lo tuvieron Una velada con Bukowski,Mateo Borgardt,https://mubi.com/es/cast/charles-bukowski
El Chapulín Colorado 3D,Roberto Gómez Fernández,https://mubi.com/es/films/el-chapulin-colorado
Silencio,Lorena Villarreal,https://mubi.com/es/films/silence-2015
Eres mi pasión/ El fútbol o yo,Anwar Safa,https://mubi.com/films/eres-mi-pasion
Ya veremos,Pitipol Ybarra,
Este soy,Verónica Velasco  Epigmenio Ibarra,https://mubi.com/es/films/soy-libre-2021
Ánima,Kuno Becker,https://mubi.com/es/films/anima-2019
Masacre en Teques ,Rodrigo Hernández Cruz,
Dulces tentaciones,Óscar Blancarte,
Preludio a una siesta,Mariana H. Menchaca,
La boda de la abuela,Javier Colinas,
Hugo Sánchez,Francisco Javier Padilla,https://mubi.com/es/cast/hugo-sanchez
Semillas contra el despojo,María Antonieta de la Puente Díaz,https://mubi.com/films/seeds-against-dispossession
Sin origen,Rigoberto Castañeda,https://mubi.com/es/films/sin-origen
"Ok, está bien",Gabriela Ivette Sandoval Torres,https://mubi.com/es/films/ok-it-s-fine
Buscando al lobo (Finding the Werewolf),Rodrigo Iturralde Álvarez y Georgina González Rodríguez,https://mubi.com/es/lists/b-w-werewolves-1935-1963
Yo no estoy aquí,Fernando Frías,https://mubi.com/es/films/i-m-no-longer-here
Chicuarotes,Gael García Bernal,https://mubi.com/es/films/chicuarotes
Mano de obra,David Zonana,https://mubi.com/es/specials/jessica-sarah-rinland
Lucha de gigantes,Humberto Hinojosa,
Los idealistas,Marcelo Tobar,https://mubi.com/es/films/el-club-de-los-idealistas
Esto no es Berlín (Invisible),Hari Sama,https://mubi.com/es/films/this-is-not-berlin
En las buenas y en las malas,Gabriel Barragán Sentíes,https://mubi.com/es/films/en-las-buenas-y-en-las-malas
Santuario,Joshua Gil,https://mubi.com/es/films/santuario
Cindy La Regia,Catalina Aguilar Mastretta,https://mubi.com/es/films/cindy-la-rega
Héroes de Chapultepec,Mauricio Sariñana,
El gran salto,Jorge Porras,https://mubi.com/es/films/the-hudsucker-proxy
Chèche Lavi,Sam Ellison,https://mubi.com/es/films/looking-for-life
Doña Sabina Sombra,Oliver Victoria,https://mubi.com/es/films/maria-sabina-woman-of-the-spirit
Una leyenda punk,Inés Morales y Susana Quiroz,https://mubi.com/es/lists/punk-rock-movies
Huevitos en fuga,Gabriel Riva Palacio Alatriste y Rodolfo Riva Palacio Alatriste,https://mubi.com/es/films/fuga-2021
¿Y cómo es él?,Ariel Winograd,https://mubi.com/films/y-como-es-el
Cruz,Teresa Camou Guerrero,https://mubi.com/es/cast/ted-cruz
Dulce familia (Alitas),Nicolás López,https://mubi.com/es/specials/family
50 primeras citas / Como si fuera la primera vez,Mauricio Valle,https://mubi.com/es/films/50-first-dates
Corazón de mezquite,Ana Laura Calderón Montiel,https://mubi.com/es/films/mezquite-s-heart
México pelágico II (Mares de México),Jerónimo Prieto,https://mubi.com/es/lists/mexico--2
Cuestión de principios (Déjalo ir Let It Go),Marcos Almada,https://mubi.com/es/cast/roberto-fontanarrosa
El envoltorio sagrado,Julio Serrano Echeverría,https://mubi.com/es/films/the-sacred-spirit
Colozio,Artemio Narro,https://mubi.com/es/films/colozio
Sobre la estabilidad de los 3 cuerpos,Carlos Lenin,https://mubi.com/es/films/our-bodies-are-your-battlefields
La nave,Batán Silva,https://mubi.com/es/films/la-nave-2019
La cara oculta (Búnker),Jorge Michel Grau,https://mubi.com/es/films/the-hidden-face
No manches Frida 2,Nacho G. Velilla,https://mubi.com/es/films/no-manches-frida-2
¿Conoces a Tomás?,María Torres,https://mubi.com/es/films/this-is-tomas
Amores modernos,Matías Meyer,https://mubi.com/es/films/modern-loves
Chapita,Roberto Santis Hernández y Juan Julián Cruz Cruz,
La caja,Lorenzo Vigas,https://mubi.com/es/films/the-box-2021-lorenzo-vigas
Los trapos sucios se lavan en casa,Diego Muñoz,
Todas las pecas del mundo,Yibran Asuad,https://mubi.com/es/films/all-the-freckles-in-the-world
El emperador de Michoacán," ""James Ramey y Arturo Pimentel""",
Selva trágica," ""Yulene Olaizola y Rubén Ímaz""",https://mubi.com/es/films/selva-tragica
"Veinteañera, divorciada y fantástica",Noé Santillán-López,
Heredera del viento,Gloria Carrión Fonseca,https://mubi.com/es/films/inherit-the-wind
Sin miedo,Claudio Zulian,https://mubi.com/es/films/fearless
El mito en la oscuridad,Carlos Israel Ávila,https://mubi.com/es/lists/and-you-will-face-the-sea-of-darkness-my-50-favorite-horror-movies
Eliades Ochoa From Cuba to the World,Rubén Gómez y Cynthia Biestek,https://mubi.com/es/films/eliades-ochoa-from-cuba-to-the-world
Xotal,Lauri Saksa,https://mubi.com/es/cast/luc-moullet
 Nikté-Ha. Viaje al mundo del agua maya, Joy Penroz,
El secreto de la belleza. Pueblo en defensa de la tierra,Néstor A. Jiménez Díaz,https://mubi.com/es/films/mariner-of-the-mountains
 Dos Fridas Ishtar Yasin,,https://mubi.com/es/films/two-fridas
Tierra mía,Pedro González-Rubio,https://mubi.com/es/films/terra-mia-terra-nostra
 Pamparios, Florian Seufert,https://mubi.com/es/films/pamparios
Ya me voy (I'm Leaving Now),"Lindsey Cordero,Armando Croda Naveda",https://mubi.com/es/films/i-m-leaving-now
 Las noches invisibles, Alejandra Aragón,https://mubi.com/es/awards-and-festivals/cannes?year=2021
 Yo no soy guapo, Joyce García,https://mubi.com/es/films/i-am-not-handsome
Los débiles,"Raúl Rico González,Eduardo Giralt Brun",https://mubi.com/es/films/the-foxes-of-harrow
 Niebla de culpa, Francisco Laresgoiti,https://mubi.com/films/mist-of-guilt
Mi hermano,Alana Simões,https://mubi.com/es/films/mi-hermano
 Vatreni, Edson Ramírez,https://mubi.com/es/films/vatreni
Fausto,Andrea Bussmann,https://mubi.com/es/films/faust-2018
 La otra revolución, Mario Corona Payán,https://mubi.com/es/films/the-other-one-1946
Sangre nuestra,Adolfo López Campaña,https://mubi.com/es/films/sangre
" Tuya, mía... te la apuesto(Pena máxima)",Rodrigo Triana,https://mubi.com/es/films/tuya-mia-te-la-apuesto
El expediente Atlimeyaya,Hugo Vivar,
Como novio de pueblo (Primos),Joe Rendón,
Esta película la hice pensando en ti, Pepe Gutiérrez García,https://mubi.com/es/films/i-made-this-movie-thinking-of-you
Olimpia,José Manuel Cravioto,https://mubi.com/es/films/olimpia
Mano de metate," ""Eugenia Varela y Bruno Varela""",https://mubi.com/es/films/grindstone-hand
Rencor tatuado,Julián Hernández,https://mubi.com/es/films/tattoo-of-revenge
Sacúdete las penas, Andrés Ibáñez Díaz Infante,
Niños asesinos,Ricardo Tavera,https://mubi.com/es/films/murderous-children
La distancia, Ricardo A. Martínez,https://mubi.com/es/films/the-distance
Gracias por ser mi amigo,José Gerardo,https://mubi.com/es/films/where-is-the-friends-home
Mamacita, José Pablo Estrada Torrescano,https://mubi.com/es/films/mamacita
Piérdete entre los muertos, Rubén Gutiérrez,https://mubi.com/es/films/drown-among-the-dead
ONI,"Christine Minnick, Laura Trejo,Mercedes Aldao",https://mubi.com/es/films/oni
M-1, Luciano Pérez Savoy,https://mubi.com/es/films/m-1
Alejandra o la inocencia de Vlady,Fabiana Medina,
No se mata la verdad, Coizta Grecko B.,https://mubi.com/es
Perfectos desconocidos,Manolo Caro,https://mubi.com/es/films/perfect-strangers-2017
Cuatro Ciénegas, David Jaramillo,
Chivas. La película,"Iván López-Barba,Rubén R. Bañuelos",https://mubi.com/es/cast/chivas-devinck
Espejos de piedra," ""Ana Mary Ramos y Juan Barreda""",https://mubi.com/es/films/the-witchs-mirror
Titixe,Tania Hernández Velasco,https://mubi.com/es/films/titixe
Marc Monster & The Olives In Situ, Osiris Luciano,
Identidad puma,Pavel Inuit Arévalo,
Antígona, Pedro González-Rubio,https://mubi.com/es/films/antigone-2018
Patrimonio,"Lisa F. Jackson, Sarah Teale",https://mubi.com/films/patrimonio
M, Eva Villaseñor,https://mubi.com/es/films/m
El pueblo soy yo. Venezuela en populismo,Carlos Oteyza,https://mubi.com/es/films/i-am-the-people-venezuela-under-populism
Lo mejor que puedes hacer con tu vida (The Best Thing You Can Do With Your Life),Zita Erffa,https://mubi.com/es/films/the-best-thing-you-can-do-with-your-life
Cigüeñas,Heriberto Acosta,https://mubi.com/es/films/the-cranes-are-flying
Tiempo de lluvia, Itandehui Jansen,https://mubi.com/es/films/tiempo-de-lluvia
Desde tu infierno,Alexis Pérez Montero,https://mubi.com/es/films/desde-tu-infierno
Adam, Maria Solrun,https://mubi.com/es/films/adam-2019-maryam-touzani
La Revolución y los artistas,Gabriel Retes,
Balón al aire, Gabriel Mariño,https://mubi.com/es/films/ballon
Calypso. Los niños del éxodo,Wilma Gómez Luengo,
Canciones de amor y desprecio,Ana Bárcenas Torres,https://mubi.com/es/films/love-songs/ratings
La vida suspendida de Harley Prosper, Juan Manuel Sepúlveda,https://mubi.com/es/films/the-still-life-of-harley-prosper
Torre x torre (Torre),"Roberto Garza, Juan Luis Obregón",https://mubi.com/es/films/torre-x-torre
Enrique González Pedrero, Emilio Cárdenas Elorduy,
La daga en el corazón(Un couteau dans le coeur),Yann González,https://mubi.com/es/films/knife-heart
¿Dónde estás?,Maricarmen Merino,https://mubi.com/es/films/where-d-you-go-bernadette
La visita,Ana Mancera,https://mubi.com/es/films/the-visit-2015-m-night-shyamalan
Más sabe el diablo por viejo (Problemas mayores),Pepe Bojórquez,
Solteras,Luis Javier M. Henaine,https://mubi.com/es/films/solteras
Tramposos con suerte (Impostores), Joel Núñez,https://mubi.com/es/films/lets-do-it-again
Lo único que tengo,Diego L. Pedroza,https://mubi.com/es/about
Locura al aire," ""Alicia Cano y Leticia Cuba""",https://mubi.com/es/films/locura-al-aire
Las reglas del rey, Luis Romo ,
Nosotros las piedras, Álvaro Torres,https://mubi.com/films/nosotros-las-piedras
El velorio (The Wake), Gustavo Arteaga,https://mubi.com/es/films/the-wake-1969
Hipnosis para ser feliz,Víctor Audiffred,https://mubi.com/es/films/hypnois-to-be-happy
Belmonte, Federico Veiroj,https://mubi.com/es/films/belmonte-2018
La muerte de un fotógrafo de modas,Gabriel Reyes,https://mubi.com/es/films/the-death-of-a-fashion-photographer
Acusada (Dolores), Gonzalo Tobal,https://mubi.com/es/films/dolores-2018
Antes de que nos entierren a todos,Miguel Estrada,
Leona (Carne y leche), Isaac Cherem,https://mubi.com/es/films/leona
Water Lola,Miguel G. Catalán,
Cofradía, Emilio Ramón Vidal,https://mubi.com/es/specials/cult-films
El suicidio,Pedro Pablo de Antuñano Padilla,https://mubi.com/es/lists/suicide-62685a31-591c-424a-9088-35124bc87970
El año de la plaga, Carlos Martín Ferrera,https://mubi.com/films/the-year-of-the-plague
1985. Héroes entre ruinas,Jeanette Russ Moreno,
Land, Babak Jalali,https://mubi.com/es/films/land-2020
Me río. Colima,Iván Maracho Salcedo,
Mi mariachi, Jorge Adrián Espíndola,
Deriva,Andrei Maldonado,https://mubi.com/es/films/deriva
Disparos (Aprender a observar),Rodrigo Hernández y Elpidia Nikou,
Banda,Carlos Armella,https://mubi.com/es/films/love-beats
Está todo bien, Tuki Jencquel,https://mubi.com/es/films/it-s-all-good-2018
"Mujer. Se va la vida, compañera",Mariana X. Rivera,
Tritón, Arturo Villaseñor,https://mubi.com/es/films/triton
Un día de asalto,Diego Rúelas,https://mubi.com/es/films/the-assault-2010
Verte partir, Javi Huerta,
La voz del silencio,Jorge Uruchurtu,https://mubi.com/es/films/the-voice-of-silence
El Monstruo. Relato de tres sicarios,Luis Carlos Davis,https://mubi.com/es/films/sicario-2015
El camino desierto. Historia de una película independiente,Alex Herrera Castillo,
El corredor sin huellas,Sergio Gurrola,https://mubi.com/es/cast/john-matthews
Golpes duros,José Luis Palma,
Bendito mercado,César García,
La boda de mi mejor amigo,Celso García,https://mubi.com/es/films/la-boda-de-mi-mejor-amigo
Revueltas. La película,Antonio Jiménez,https://mubi.com/es/cast/jose-revueltas
Inocuo,Fernando Bourget,https://mubi.com/es/films/women-on-the-verge-of-a-nervous-breakdown/ratings?page=3
Crimen por omisión,Jaime Humberto Hermosillo ,https://mubi.com/es/films/crimen-por-omision
Diplodocus,Juan Pablo Rebollar,https://mubi.com/es/cast/john-randolph-bray
Murales viajeros por la paz La ecología y la equidad de Alejandro Quijano,Saudhi Batalla ,
La reina del porno show,Sergio Pérez ,https://mubi.com/es/lists/relevant-porn-films
Ayac nican nemizAquí nadie vivirá para siempre,Carlos Altamirano,https://mubi.com/es/films/nobody-knows-i-m-here
MegalodemócrataEl arte público de Rafael Lozano-Hemmer ,Benjamin Duffield ,https://mubi.com/es/films/megalodemocrat-the-public-art-of-rafael-lozano-hemmer/cast
Internet Junkie,Alexander Katzowicz ,https://mubi.com/es/films/web-junkie
Fuego adentro (En lo alto del día),Jesús Mario Lozano,https://mubi.com/es/showing
Luna 3 (Lunik 3),Víctor Zavala Kugler ,
La afinadora de árboles ,Natalia Smirnoff,https://mubi.com/es/films/la-afinadora-de-arboles
Días de invierno,Jaiziel Hernández Máynez ,https://mubi.com/es/films/dias-de-invierno
El deseo de Ana,Emilo Santoyo,https://mubi.com/es/films/ana-s-desire
Observar las aves,Andrea Martínez Crowther ,https://mubi.com/es/films/birdwatching-2019-andrea-martinez-crowther
No son horas de olvidar ,David Castañón,
Mi no lugar,Isis Ahumada Monroy ,https://mubi.com/es
Ráfagas serranas,Dalia Reyes,
Serpiente emplumada ,Ricky López Bruni,https://mubi.com/es/films/snake-in-the-eagles-shadow
Love Me Not,Lluís Miñarro,https://mubi.com/es/films/love-me-not-2017
La diosa del asfalto ,Julián Hernández,https://mubi.com/es/films/asphalt-goddess
Polvo,José María Yazpik ,https://mubi.com/es/films/dust-2012
Motel Acqua,Conrado Martínez ,
Siete Filos,Antonio Coello,
Divino amor,Gabriel Mascaro,https://mubi.com/es/films/divine-love
Frontera,Marcos Almada,https://mubi.com/es/films/frontera
#Mickey,Betzabé García ,https://mubi.com/es/cast/mickey
Después del incendio ,Sebastián Padilla ,https://mubi.com/es/films/incendies
Speedy,Rodolfo Castillo-Morales ,https://mubi.com/es/films/speedy
El paraíso de la serpiente ,Bernardo Arellano,https://mubi.com/es/films/serpent-s-paradise
Tío Yim,Luna Marán,https://mubi.com/es/films/uncle-yim
Un disfraz para Nicolás ,Eduardo Rivero Cruz ,https://mubi.com/es/films/a-costume-for-nicolas
Teléfono,Jerzain Ortega,https://mubi.com/es/contact
Claudia no se quiere morir,Adolfo López Campaña ,
Seré breve al momento de morir ,Juan Briseño,
Tomorrow,Frank Rodríguez,https://mubi.com/films/tomorrow-2015
¿Qué les pasó a las abejas?,"Robin Canul, Adriana Otero ",https://mubi.com/films/que-les-paso-a-las-abejas
La piel ajena,Arturo Castelán,
Marioneta (Vagoneros),Álvaro Curiel,https://mubi.com/es/films/marionette-2018
Un sentimiento honesto en el calabozo del olvido,Luis Bárcenas,https://mubi.com/es/films/un-sentimiento-honesto-en-el-calabozo-del-olvido
Un verano,Rodrigo Fiallega ,https://mubi.com/es/films/that-kind-of-summer
Un viaje en taxi, Mak CK,https://mubi.com/nl/films/viaje-en-taxi
uzi,Pepe Valle,https://mubi.com/es/films/uzi
Virgen de San Juan cuatro siglos de milagros, Noé González,
Voces de mixquic,Benito Núñez,
Volverte a Ver (antes Llueve), Carolina Corral,https://mubi.com/es/films/to-see-you-again
Y si fueras tú, Hugo Carrillo Brumbaugh,https://mubi.com/es/films/si-fueras-tu
yib,Ozan Mermer,
Yo necesito amor,Pepe Valle,https://mubi.com/films/i-need-love
Sanguinetti, Christian Díaz Pardo,https://mubi.com/es/films/sanguinetti
sanjuaneros,Michael Amici Y Daniel Kandell,https://mubi.com/es/films/san-junipero/cast
Santa Bárbara, Anaïs Pareto Onghena,https://mubi.com/es/films/santa-barbara
Se busca papá, Javier Colinas,
Se escuchan aullidos,Julio Hernández Cordón,https://mubi.com/es/films/se-escuchan-aullidos
Sendero, Aída Alonso,https://mubi.com/es/films/the-third-path
Será que volverás, Jorge Colón,https://mubi.com/es/films/volveras
Silence Radio, Juliana Fanjul,https://mubi.com/es/films/silence-radio-2019
Sin hijos,Roberto Fiesco,https://mubi.com/es/films/sin-hijos
Sin señas particulares,Fernanda Valadez,https://mubi.com/es/films/sin-senas-particulares
Sísifos, Nicolás Gutiérrez Wenhammar y Santiago Mohar Volkow ,https://mubi.com/es/films/sisyphus-2019-nicolas-gutierrez-wenhammar
Soledad, Guillermo A. Argüelles,https://mubi.com/es/films/soledad
Somos, Carlos Vázquez,https://mubi.com/es/films/somos
Sonriendo con el corazón (antes Con olor a Guanajuato), Alex Sánchez,https://mubi.com/es/films/eisenstein-in-guanajuato
Soren Juan, Carlos Valdivia,https://mubi.com/es/films/soren
Temporada de campo,Isabel Vaca,https://mubi.com/es/films/becoming-2021
Territorio, Andrés Clariond,https://mubi.com/es/films/the-territories
The Containment (La Contención), Jack Zagha,https://mubi.com/es/films/containment-2015
"Tigre de noche, arena de día", Miguel Icaza,https://mubi.com/es/films/the-hidden-tiger
Tijuana I Love you,René Bueno,
Todo,Frank Rodríguez,https://mubi.com/es/films/todo
Un México perro,Rafa Aparicio Y Andrés Klimek,https://mubi.com/es/lists/mexico--2
Un Retrato de familia,Adrián Zurita,https://mubi.com/es/films/ilo-ilo
No dejaré de buscarte,Bibiana Barba,
Noche de fuego,Tatiana Huezo,https://mubi.com/es/films/prayers-for-the-stolen
Nómadas, Emiliano Ruprah,https://mubi.com/es/films/nomads-2001
Nudo Mixteco, Ángeles Cruz,https://mubi.com/es/films/nudo-mixteco
"Oblatos, el vuelo que surcó la noche",Acelo Ruiz ,https://mubi.com/es/films/oblatos-epic-flight-into-the-night
Obscuro Despertar, Carlos Preciado Cid,
Oliverio y la Piscina, Arcadi Palerm,https://mubi.com/es/films/oliver-the-pool
Paper Boats, Yago Muñoz,https://mubi.com/es/films/paper-boats
Para No volver, Janette A. López,https://mubi.com/es/films/volver
Patitos Feos, Mauricio Chernovetzky,https://mubi.com/es/films/the-ugly-duckling-and-me
Patria, Matías Gueilburt,https://mubi.com/es/films/patria-2020
Perdida (antes Bunker), Jorge Michel Grau,https://mubi.com/es/films/bunker-2021
Poder Mayor Poder Menor, José Celestino Campusano,https://mubi.com/es
Poderoso Victoria, Raúl Ramón,https://mubi.com/es/films/the-mighty-victoria
Príncipe de paz,Clemente Castor,https://mubi.com/es/films/prince-of-peace-2019
Quiere Jugar, Adrián García Bogliano,https://mubi.com/es/specials/john-smith
"Rapsodia, laberintos del yo", Antonio del Rivero Herrera,
"Rebeldía, grita el grano en el surco al agrietar la tierra para recibir los rayos del sol", Pablo Ramos,
Rebelión de los Godínez, Carlos Morett,https://mubi.com/es/films/mutiny-of-the-worker-bees
Red Privada, Manuel Alcalá,https://mubi.com/es/films/red-privada-quien-mato-a-manuel-buendia
Sabina Sombra, Oliver Victoria,https://mubi.com/es/films/maria-sabina-woman-of-the-spirit
Los vecinos,Diana Cardozo,https://mubi.com/es/films/over-the-hedge
"Malintzin, la historia de un enigma", Fernando González Sitges,https://mubi.com/es/films/malintzin-the-story-of-an-enigma
Mamá se fue de viaje,Fernando Sariñana,
Más allá del agua,Julio Quezada Orozco,https://mubi.com/es/films/the-water-2022
Más que mil palabras,Gerardo Gatica,https://mubi.com/films/in-the-mood-for-love/ratings?page=9
Me casé con un idiota,Batán Silva,
Memoria, Apichatpong Weerasethakul,https://mubi.com/es/films/memoria-2021
Mentores, Jorge Díaz Sánchez,https://mubi.com/es/films/mentor
MexZombies, Chava Cartas,https://mubi.com/es/films/mexzombies/ratings
Mírame, Pavel Cantú,https://mubi.com/es/films/mirame
"Monarca, el espíritu del bosque Un viaje de ida y vuelta",Roberto López Fanny Miranda Y Miguel Galarza ,https://mubi.com/es/films/monarca
Muerte al verano,Sebastián Padilla,https://mubi.com/es/films/muerte-al-verano
Mujer Rarámuri Regresa a Casa, Santiago Esteinou,https://mubi.com/es/films/a-girl-walks-home-alone-at-night
Mujeres del alba,Jimena Montemayor,https://mubi.com/es/films/alba-2016
Negra Medhin, Tewolde Serrano,https://mubi.com/es/films/negra
Nelly, Marco E Goya,https://mubi.com/es/films/nelly-2016
Nerea Juan, Pablo Cortés,https://mubi.com/es/films/nerea
Ni contigo ni con nadie,Esteban Pérez Ghersi,
Ni en la más oscura de mis tardes,Venancio Villalobos ,
"Ni tuyo, Ni mía", Sandra Solares,https://mubi.com/es/films/ni-tuyo-ni-mia
Nido de Mantis, Arturo Sotto Díaz,https://mubi.com/es/films/nido-de-mantis
Niña sola, Javier Ávila,https://mubi.com/es/films/a-girl-alone
No Abras La puerta,Humberto Hinojosa,https://mubi.com/es/films/no-abras-nunca-esa-puerta
La nebulosa de Emiliano, Cristina Soto,
La Pequeña Haití, Carlos Hernández Vázquez,https://mubi.com/es/films/haiti
La Revo Sing A Song Of Love, José Leos,https://mubi.com/es/films/la-revo-sing-a-song-of-love
La semilla invisible, Andrés Kaiser,https://mubi.com/es/films/invisible-demons
La sombra del desierto (o El paraíso recobrado), Juan Manuel Sepúlveda ,https://mubi.com/es/films/the-shadow-of-the-desert-or-paradise-lost
La venganza de Jairo, Simon Hernandez,https://mubi.com/es/films/jairo-s-revenge
La Venganza de Mascarita (antes Matando Cabos 2), Alejandro Lozano ,https://mubi.com/es/films/killing-cabos/cast
La vida de Rafael, Valentina Wiens,https://mubi.com/es/cast/rafael
La vida oculta de la artesanía, Pablo Márquez,
La Vocera, Luciana Kaplan,https://mubi.com/es/films/the-spokeswoman
La voz del silencio, Jorge Uruchurtu,https://mubi.com/es/films/the-voice-of-silence
Las flores de la noche, Eduardo Esquivel y Omar Robles,https://mubi.com/es/films/the-night-flowers
Las Leyendas: El Origen, Ricardo Arnaiz,
Las ninfas del celuloide, Tabatta Salinas y Andrea Gautier,https://mubi.com/es/films/ninfas-diabolicas
Las Sanadoras, Rodrigo Occelli,https://mubi.com/es/films/the-healers
Las Últimas Plumas, Alejandro Alatorre,https://mubi.com/es/films/all-about-the-feathers
Lecciones para canallas, Gustavo Moheno,
Lo que algunos soñaron, Michel Franco,https://mubi.com/es
Locas por el Cambio, Ihtzi Hurtado,
Loco fin de semana, Kristoff Raczynski,
Loco por ti (antes Las píldoras de mi novio), Diego Kaplan,https://mubi.com/es/films/my-boyfriend-s-meds
Los días francos, Ulises Pérez Mancilla,https://mubi.com/es/cast/michel-franco
Los días particulares, Chucho E. Quintero,https://mubi.com/es/films/these-peculiar-days
Hasta que la suerte nos separe, Gerardo Morán,https://mubi.com/es/films/til-madness-do-us-part
Hueso de Corvina, Abel Amador Alcalá,
Identidad tomada, Gabriel Retes,https://mubi.com/films/identidad-tomada
Imaginando la oscuridad, Roque Azcuaga,https://mubi.com/es/films/a-scanner-darkly
Inevitable, Manuel Villaseñor,https://mubi.com/es/films/inevitable
Infección, Flavio Pedota,https://mubi.com/es/films/infection-2019
Infelices por siempre, Noé Santillán-López,
Instrucciones para Su, José Ramón Chávez,https://mubi.com/es/memberships
Insular, Federico Adorno,https://mubi.com/films/insular-sights
Jericajazz Jazz en tierra mojada, Jorge Bidault ,https://mubi.com/es/films/jericajazz-jazz-from-wetland
Juzga, Hari Sinn,https://mubi.com/es/films/high-crime
La asfixia, Ana Isabel Bustamante,https://mubi.com/es/films/la-asfixia
La candidata, Emil Guevara Malavé y Ronald Rivas Casallas,https://mubi.com/es/films/the-perfect-candidate
La casa del jabonero, Alonso Ruizpalacios,https://mubi.com/es/films/the-house-that-jack-built-2017
La compañía que guardas, Diego Gutiérrez,https://mubi.com/es/films/the-company-you-keep-2017
La cuenca de los ríos de piedra, Pablo Benjamín Nieto Mercado,
La esquinita de México, Leonor Maldonado,https://mubi.com/es/lists/mexico--2
La fiera y la fiesta, Laura Amelia Guzmán e Israel Cárdenas,https://mubi.com/es/films/holy-beasts
La Frontera Invisible, Mariana Flores Villalba,https://mubi.com/films/the-invisible-frontier
La invención del mar, Adrián Ortíz,https://mubi.com/es/showing
La liga de los 5, Marvick Núñez,https://mubi.com/es/films/la-liga-de-los-5
La línea que divide, César Alejandro,https://mubi.com/films/la-linea-dell-orizzonte
La Mami, Laura Herrero Garvín,https://mubi.com/es/films/la-mami
El mundo secreto de Marina, Sonia Fritz,
El otro Tom, Rodrigo Plá,https://mubi.com/es/films/the-other-tom
El poder de la mirada, José Ramón Mikelajáuregui,https://mubi.com/es/films/glancing-at-power
El Rey de la Fiesta, Salomón Askenazi,https://mubi.com/es/films/the-king-of-the-party
El rey de todo el mundo, Carlos Saura,https://mubi.com/es/films/the-king-of-the-whole-world
El sueño de Hikuri Abraham, Torres Valadez,
El Testamento de la Abuela, Javier Colinas,
El último Tlatoani, Pablo Jato,https://mubi.com/lists/mexico--2
El vestido de la novia, Roque Falabella,https://mubi.com/es/films/the-wedding-dress
Yermo (antes El Vientre Yermo), Everardo González,https://mubi.com/films/wilderness-2020
Ermitaños, Daniela Uribe,https://mubi.com/es/cast/tad-ermitano
Escorpio, Julian Noble,https://mubi.com/es/films/the-curse-of-the-jade-scorpion
Estado del imperio, Amat Escalante,https://mubi.com/es/films/the-event-2015
Estamos hechos, Herbey Eguiarte,https://mubi.com/es/specials/love-triangle
Familia de medianoche, Luke Lorentzen,https://mubi.com/es/films/midnights-children
FBI Franciscos Banda Internacional, Gustavo Gamou ,https://mubi.com/es/films/fbi-francesco-bertolazzi-investigatore
Fin amor, Raúl Quintanilla,https://mubi.com/es/films/amor-en-fin
Forgiveness, Alex Kahuam,https://mubi.com/es/films/forgiveness-2020
Fractal, Mariana González,https://mubi.com/es/films/fractal
Frontera sur, Raúl O. Paz Pastrana,https://mubi.com/es/films/frontera-al-sur
Guadalupe Reyes, Salvador Espinosa,
Guía para el viajero que no quiere preguntar, Mariana Chenillo,https://mubi.com/es/films/the-hitchhikers-guide-to-the-galaxy
Guiexhuba, Sabrina Muhate,https://mubi.com/es/films/guiexhuba
Dioses de México, Giorgio Blasi,https://mubi.com/es/films/gods-of-mexico
Doblemente embarazada, Koko Stambuk,
Domingo, Raúl López,https://mubi.com/es/films/domingo-2020
Donde corre el agua, Juan Carlos Blanco,https://mubi.com/es/films/the-water-2022
Donde los pájaros van a morir, Analeine Cal y Mayor,
Dos veces tú, Salomón Askenazi,https://mubi.com/es/films/two-times-you
Efímera (antes Efemeróptera), Luis Mariano García Villanueva,
El amarre, Tamae Garateguy,https://mubi.com/es/films/el-amarre
El baile de los 41, David Pablos,https://mubi.com/es/films/dance-of-the-41
El camino de Sol, Claudia Sainte-Luce,https://mubi.com/es/cast/claudia-sainte-luce
El Corazón de Bolívar, Leonel González,https://mubi.com/es/lists/cine-colombiano-la-historia-sin-fin
El día uno, Antonio Yglesias y Juan Manuel Fernández,
El diablo entre las piernas, Arturo Ripstein,https://mubi.com/es/films/devil-between-the-legs
El diablo me dijo qué hacer, Alejandro G. Alegre,
El diario de Karem, Henry Bedwell,
El Eclipse, Julián Robles,https://mubi.com/es/films/leclisse
El futuro, Kevin Guzmán Linares,https://mubi.com/es/films/el-futuro
El Gallinero, Fabián Ibarra,https://mubi.com/es/films/el-gallinero
El gran acuífero maya, Víctor Mariña,
El Gran Salto, Jorge Porras,https://mubi.com/es/films/the-hudsucker-proxy
El hoyo en la cerca, Joaquín del Paso,https://mubi.com/es/films/el-hoyo-en-la-cerca
El lugar de las tres cascadas. Pequeñas historias de Hiroshima, Mauricio Novelo,https://mubi.com/es/films/the-place-of-the-three-waterfalls-little-stories-of-hiroshima
El Mesero, Raúl Martínez,
 7.1,Guénola Bally Layolle,https://mubi.com/es/notebook/posts/harvard-at-the-gulbenkian-cinema-dialogues-7-1
 1938,Sergio Olhovich,https://mubi.com/es/lists/mubi-s-top-50-films-of-1938
 1991,Sergio Ramírez,https://mubi.com/es/lists/mubi-s-top-50-films-of-1991
 ¡Ánimo Juventud!,Carlos Armella,
 ¡Córtalas!,María Ripoll,https://mubi.com/es/specials/short-films
 ¿Quieres ser mi rehén?,Alex Sánchez y Carlos Preciado Cid,
 45 días en Jarbar,César Aréchiga,https://mubi.com/es/films/45-days-in-harbar
 499 (antes 499 años),Rodrigo Reyes,https://mubi.com/es/films/-499
 A cargo de Antonia,Iverint López y Daniela Gandarillas,https://mubi.com/es/films/antonias-line
The Gigantes (antes A dónde fue el verano),Beatriz Sanchís,https://mubi.com/es/films/the-gigantes
A tontas y a locas,Alberto Espino,https://mubi.com/es/films/what-a-drag
A Tres Caídas,Eduardo Martínez,
Alex Winter,César Demian,https://mubi.com/es/cast/alex-winter
Amalgama,Carlos Cuarón,https://mubi.com/es/films/amalgama
Amor Mutante,Germán Rodríguez Quiñones,https://mubi.com/es/cast/bibi-andersen
Anayeli,Misael Alva Alva,https://mubi.com/es/cast/nanyeli
Animales Humanos,Lex Ortega,https://mubi.com/es/films/animal-humano
"Apapacho, una caricia al alma",Marquise Lepage,https://mubi.com/es/films/apapacho
Armas Blancas,Mariana Musalem,https://mubi.com/films/shiny-weapons
At'Anii'-Tu Amante,Antonino Isordia,https://mubi.com/es/films/at-anii
Aversión,Rafael Piñero,https://mubi.com/es/films/aversion
Aztech-The Movie,"Ulises Guzmán, Fernando Campos, Alejandro
Molina, Gigi Saul Guerrero, Francisco Lares-
goiti, Leopoldo Laborde, Rodrigo Ordoñez, J.
Xavier Velasco, Rodrigo Hernández-Cruz",https://mubi.com/es/films/aztech
Azuquita,A Fernández,
Bad hombres,Juan Antonio del Monte y Rodrigo Ruiz Patterson,https://mubi.com/films/bad-hombres
Benigno Cruz, Jorge Hernández Aldana,
Bestia, Miguel Ángel Uriegas,https://mubi.com/es/films/bestia-2021
Birth Wars, Janet Jarman,https://mubi.com/es/films/birth-wars
Blanco de Verano, Rodrigo Ruíz Patterson,https://mubi.com/es/films/summer-white
Caballerango, Juan Pablo González,https://mubi.com/es/films/caballerango
Campeona sin Corona, Alan Coton,https://mubi.com/films/campeon-sin-corona/cast
Canción de Invierno, Silvana Lázaro,https://mubi.com/es/films/wintersong
Cartas a Elizabeth, Bibiana Barba,https://mubi.com/es/films/the-letter/cast
Cerveza de Bolsillo: la magia, Alex Páramo ,https://mubi.com/es/films/magic-1971
CicatrizArte, Enrique Arroyo Schroeder,
Club Internacional Aguerridos (C.I.A.), José Leandro Córdova ,https://mubi.com/es/films/c-i-a
Comala, Gian Cassini,https://mubi.com/es/films/comala
Como caído del cielo, José Pepe Bojórquez,https://mubi.com/es/films/out-of-the-clear-blue-sky
Concierto para necios, Claudia Ruiz Capdevielle,
Contar el amor, Raúl Fuentes,
Conversaciones, Eduardo M. Clorio,https://mubi.com/es/films/conversaciones-2020
Coraje, Rubén Rojo Aura,https://mubi.com/es/films/courage-1999
Cosas imposibles, Ernesto Contreras,https://mubi.com/es/films/cosas-imposibles
Cosas que no hacemos, Bruno Santamaría,https://mubi.com/es/films/things-we-dare-not-do
Cuidado con lo que deseas (antes Mi cumpleaños favorito)," Agustín ""Oso"" Tapia",https://mubi.com/es/films/cuidado-con-lo-que-deseas
Dibujos contra las Balas, Alicia Calderón,https://mubi.com/films/drawings-against-bullets
Dime tu nombre, Rolando Ávila,
Diorama, Gustavo Crivilone,https://mubi.com/es/films/diorama-2022/trailer
Undocumented Unafraid,Arturo Pulido,
Vaychiletik (Sueños),Juan Javier Pérez,https://mubi.com/films/vaychiletik
Vergüenza,Miguel Salgado,https://mubi.com/es/films/shame
Vidas en la orilla,Lucía Gajá,https://mubi.com/es/films/journey-to-the-shore/ratings
Your iron lady,Jorge Xolalpa Jr.,https://mubi.com/es/films/the-iron-lady
NonWestern,Laura Plancarte,https://mubi.com/films/non-western
Octopus. 20 años en la profundidad,Armando Delgado,https://mubi.com/es/films/octopus-skin
Off the Road,José Permar,https://mubi.com/es/films/off-the-road-2020
Ombligo,Erika Mercado,https://mubi.com/es/films/guie-dani-s-navel
Palabras verdaderas,Denisse Quintero,
Pole Dance,Maryse Sistach,https://mubi.com/es/films/pole-dancing-for-you
Quince,Jack Zagha,https://mubi.com/es/films/quinceanera
"San Juanico Nextipac, fiesta y tradición",Emanuel Mechoulam,
"Sexo, pudor y lágrimas 2",Alonso Iñiguez,https://mubi.com/films/sexo-pudor-y-lagrimas-2
Siberia*,Abel Ferrara,https://mubi.com/es/films/siberia-2017
Siempre en presente,"Víctor Hugo, Juan Felipe y Samuel Guzmán Cuevas",https://mubi.com/es/specials/ben-rivers
Sin pecado concebida,Gastón Rodríguez,
Sinfonía de lo invisible,José Medina,https://mubi.com/es/cast/zeynep-dadak
Some Be,Héctor M. Aguilar,https://mubi.com/es/films/some-beasts
Soy lo que nunca fui,Rodrigo Álvarez Flores,https://mubi.com/es/films/i-am-because-we-are
"Soy yo, Charlie Monttana",Ernesto Méndez,https://mubi.com/es/films/soy-yo-charlie-monttana
Soy Yuyé,Balam Nieto,
Sr. Árbol,Adrián “Zorgas” Saldívar,https://mubi.com/es/films/tree-of-cherries
Supernova,Natalia López,https://mubi.com/es/films/supernova-2020
Susurros del Ipx'yukp,Damián Martínez,https://mubi.com/es/films/susurros
Te llevo conmigo*,Heidi Ewing,https://mubi.com/es/films/i-carry-you-with-me
Tengo miedo torero*,Rodrigo Sepúlveda,https://mubi.com/es/films/my-tender-matador
Tepeyac. La película,Enrique Navarrete,https://mubi.com/es/films/tepeyac
The infinite race,Bernardo Ruiz,https://mubi.com/es/films/the-infinite-race
Tratado,Omar Velasco,
Trigal,Anabel Caso,https://mubi.com/es/films/duration-landscape-cornfield/ratings
Ts'onot Crónicas de una batalla moderna,David Alcocer,
Un día a la vez,Arantxa Romo,https://mubi.com/es/films/everything-everywhere-all-at-once
Un gallo congelado,Gabriel Riva Palacio Alatriste,https://mubi.com/es/cast/rodolfo-riva-palacio-alatriste
Una Navidad no tan padre,Raúl Martínez,
Kokoloko*,Gerardo Naranjo,https://mubi.com/es/films/kokoloko
La alberca de los nadies,José Luis Solís,
La búsqueda,Anaïs Huerta,https://mubi.com/es/films/national-treasure
La libertad de Fierro,Santiago Esteinou,https://mubi.com/es/films/freedom-s-fury
La maleta de Helios,"Javier Angulo, Nacho A. Villar",https://mubi.com/films/helios-suitcase
La muerte enajenada,Guillermo Vidal,https://mubi.com/es/films/death-watch
La productora de mi vida,Francisco Hafid Rogero,https://mubi.com/es
La revuelta,Lucero González,https://mubi.com/es/films/the-revolt-2022/cast
Las curvas de tus labios,Alex Lara,
Las historias de mi gente,André Lo Sánchez,https://mubi.com/es
Las tres muertes de Marisela Escobedo*,Carlos Pérez Osorio,https://mubi.com/es/films/the-three-deaths-of-marisela-escobedo
Llorando sueños,Christian Osornio,https://mubi.com/films/dream-and-silence
Lopon,Everardo González,
Los amantes se despiden con la mirada,Rigoberto Perezcano,
Los años de Otto,Persia Campbell,https://mubi.com/es/films/otto
Los días que no estuve,Samuel Ríos y Valles,
Los que dicen ¡NO!,Ángel Froilán Flores,https://mubi.com/es/lists/mysteries
"Lucinda Urrusti, pintora",Juan Francisco Urrusti,
Mamá,Juan Antonio Méndez Rodríguez,https://mubi.com/es/films/mama-2020
Mañana ya no estaremos aquí,Josué Hermes,https://mubi.com/es/showing
Marino y Esmeralda,Luis R. Garza,https://mubi.com/es/films/marino-and-esmeralda
Martínez,María Lorena Padilla,https://mubi.com/es/cast/arturo-martinez
Marzo,Milton Pérez,
Menéndez. El día del Señor*,Santiago Alvarado Ilarri,https://mubi.com/es/films/menendez-the-day-of-the-lord
Mensaje interrumpido,Jaime Fraire Quiroz,
Mi novia es la revolución,Marcelino Islas,https://mubi.com/es/films/my-girlfriend-is-the-revolution
Molusco,Mauricio Bidault,https://mubi.com/es/films/acera-or-the-witches-dance
Mujabä Tojk / La casa grande,Saúl Kak,https://mubi.com/es/films/casa-grande
Mundos cósmicos,Sergio Tovar,https://mubi.com/es/films/tonalli
"Ndatu Savi, la suerte del agua","Juan Cristóbal Jasso, Ignacio Decerega",https://mubi.com/es/films/wood-and-water
Nido,Juan Pablo García,https://mubi.com/es/films/the-nest-1980
No vayas a clase mañana,Diego Barragán,https://mubi.com/es/films/don-t-go-to-school-tomorrow
Nómadas de la 57,"Alberto Arnaut, José María Castro",
25 km/h,Pitipol Ybarra,https://mubi.com/es/films/25-km-h
50 o dos ballenas se encuentran en la playa,Jorge Cuchí,https://mubi.com/es/films/50-or-two-whales-meet-at-the-beach
90 días para el 2 de julio,Rafael Martínez,https://mubi.com/es/showing
A través de Tola,Casandra Casasola,https://mubi.com/es/cast/pamela-tola
Ahí te encargo*,Salvador Espinosa,https://mubi.com/es/films/ahi-te-encargo
Alcanfores sin número,Rodrigo Mendoza,https://mubi.com/es/films/aloners
Almas rotas,Juan Pablo Arroyo,
Amor de madre,Luis Urquiza,https://mubi.com/es/films/mother-s-love-2022
Annette,Léos Carax,https://mubi.com/es/films/annette
"Aquí no pasaba nada, la historia de Dangerous Rhythm",Pilar Ortega,
Así crecí,Jos Macías,
Cartas a distancia,Juan Carlos Rulfo,
Cartas desde el país de los tarahumaras,Federico Cecchetti,
Cónyuges,Rob Hernández,https://mubi.com/es/films/spouses
Destino 111,Francisco Romero,
Donde quema el sol,Michel Franco,https://mubi.com/es/films/las-criaturas-que-se-derriten-bajo-el-sol
Dos estaciones,Juan Pablo González,https://mubi.com/es/films/dos-estaciones
El auténtico de la costa,Juan Cristóbal Jasso,https://mubi.com/es
El camino de Xico,Eric Cabello,https://mubi.com/es/films/xico-s-journey
El capitán del sur,Jaime Cruz,https://mubi.com/es/showing
El director. Las siete madres de Edipo,"Carlos Reyes, León Alvarado",
El hombre búfalo,David Torres,https://mubi.com/es/films/el-hombre-bufalo
El llanto de las tortugas,Jaime Villa Galindo,https://mubi.com/es/films/the-crying-of-the-turtle
El mar entre las casas,Juan Pablo García,https://mubi.com/es/showing
El ojo de agua de Los Gálvez,"Ana Paola Rodríguez, José Luis Figueroa",
El predestinado,"José Perruccio, Mario Galván",https://mubi.com/es/films/a-dangerous-practice
El prófugo*,Natalia Meta,https://mubi.com/es/films/the-intruder-2020
El secreto del doctor Grinberg,Ida Cuéllar,https://mubi.com/es/films/the-secret-of-doctor-grinberg
El tren de los pies ligeros,Miguel Coelho,https://mubi.com/es/films/lorena-light-footed-woman
El viaje del kokodrit,Iván Jaripio,https://mubi.com/es/films/the-trip-2021
El vuelo de los hombres,Giovanni Mejía,https://mubi.com/es/films/birds-or-how-to-be-one
Emboscada,René Herrera,https://mubi.com/es/films/ambush-1950
En el nombre del arte,Sergio Vargas,https://mubi.com/es/lists/arte-artistas
Esquema de tiempos futuros,Víctor Checa,https://mubi.com/es/films/the-shape-of-things-to-come-2021
Estaciones,Edgar Salas,https://mubi.com/es/films/dos-estaciones
Fauna*,Nicolás Pereda,https://mubi.com/es/films/fauna-2020
Hazte Dios,Anne-Lise Michoud,https://mubi.com/es/films/play-god/ratings
Hijo de familia,Rafael Lara,https://mubi.com/es/specials/family
Historias de cal y canto,Rodrigo Mendoza,https://mubi.com/es/specials/ryusuke-hamaguchi
Homicidio culposo,Víctor Miranda,
Iluminados*,Jorge Curioca,https://mubi.com/es/films/blessed-by-fire
Juntas somos fuertes,Tania Claudia Castillo,https://mubi.com/es/films/los-fuertes
Jvabajom-Músico,Humberto Gómez,https://mubi.com/es/specials/mubi-music-fest
42.195,Alejandro Strauss,
#Rats,Carlos Trujano,https://mubi.com/es/films/rats
*****... (Los Asteriscos...),Arturo Pons,
¡Qué viva México!,Luis Estrada,https://mubi.com/es/films/que-viva-mexico
¿Mamá o papá?,Ernesto Contreras,https://mubi.com/es/films/mama-o-papa
¿Qué culpa tiene el karma?,Elisa Miller,
¿Qué hacemos con mamá?,José Ramón Chávez Delgado,https://mubi.com/es/films/mama-2020
¿Qué harás cuando Dios muera?,Hugo Villaseñor,https://mubi.com/es/films/what-will-you-do-when-god-dies
¿Qué hicimos mal?,Liliana Torres,https://mubi.com/es/films/what-have-we-done-wrong
37 km,Rafael Montero,https://mubi.com/es/films/37-kilometres-celsius
500 millones de zapatos rojos,Carlos Kaiser,
A Mutts Tale,"Bruce Morris, Patricia García Peña",https://mubi.com/es/films/mutts
A puerta cerrada,Javier Solórzano Casarin,https://mubi.com/es/films/behind-closed-doors
"Adiós, amor",Indra Villaseñor Amador,https://mubi.com/es/films/adios-amor-the-search-for-maria-moreno
Adolfo,Sofía Auza,https://mubi.com/es/films/adolfo
Adriela,Bruno Musso,
Agua de arrayán,Alejandro Robles Gil,
Agua rosa,"Antónimo (Miguel López Valdivia, Ca Silva)",https://mubi.com/es/films/agua-rosa
Al son de Beno,Ilán Lieberman,https://mubi.com/es/cast/pavol-beno
Alebrijes,"Rodolfo Riva Palacio, Gabriel Riva Palacio",https://mubi.com/es/films/alebrijes
Allá,Monserrat Larqué,https://mubi.com/es/films/desde-alla
Allá donde nace el sol,"Laura Bermúdez, Jorge García",https://mubi.com/es/films/a-place-in-the-sun
Amor fantasma,Marusia Estrada,https://mubi.com/es/films/ghost-of-love
Amores incompletos,Gilberto González Penilla,https://mubi.com/es/cast/patricia-bernal
Amparo Ochoa. Se me reventó el barzón,Modesto López,
Anónima,María Torres,https://mubi.com/es/films/a-woman-in-berlin
Apenas primavera,Rafael Martínez-García,
Asunción,Francisco Pérez,https://mubi.com/es/cast/jose-asuncion
Autorrey,Juan Vildósola,https://mubi.com/es/films/an-appropriated-self-portrait
Bajo el puente de oro,Raúl Quintanilla,https://mubi.com/es/films/under-the-bridges
Bardo (o falsa crónica de unas cuantas verdades),Alejandro González Iñárritu,https://mubi.com/es/films/limbo-2021
Beba,Rebeca Huntt,https://mubi.com/films/beba
Bendita suegra,Beto Gómez,
Bering II. Encuentro familiar,Lourdes Grobet,https://mubi.com/es/specials/family
Besos a tres labios,Martin Casanova,https://mubi.com/es/films/stolen-kisses
Bonanza,Luis Robledo,https://mubi.com/es/films/bonanza-1959
Book of Love,Analeine Cal y Mayor,https://mubi.com/es/films/book-of-love-2022
Buen salvaje,Santiago Mohar Volkow,https://mubi.com/users/5905573/watchlist
Caballero Águila,Alejandro Blázquez de Nicolás,
Calafia. Mujer de carne y hueso,Gabriel Fonseca Verdugo,
Campeón gabacho,Jonás Cuarón,
Cancuncito,"Carlos Alejandro Marulanda, Carlos Gutiérrez Aniceto",
Cautivo eternamente,Jonathan Sarmiento,https://mubi.com/es/cast/leslie-howard/films/cast
Con los años que me quedan,Frank Ariza,
Concierto para otras manos,Ernesto González Díaz,https://mubi.com/es/films/tripping-with-nils-frahm
Confesiones,Carlos Carrera,https://mubi.com/es/films/private-confessions
Contratiempo,José Paredes,https://mubi.com/es/films/invisible-guest
Corina,Urzula Barba Hopfner,https://mubi.com/es/films/corrina-corrina
Correr para vivir,Gerardo Dorantes,
Cuando sea joven,Raúl Martínez,
Cuarentones,Pietro Loprieno,
Cuatas,Cecilia Martínez García,https://mubi.com/es/lists
Dando duro,Raúl Baena Amador,
Del manantial del corazón,René Vargas Madrigal,https://mubi.com/es/films/the-fountainhead
Desaparecer por completo,Luis Javier Henaine,https://mubi.com/es/films/desaparecer
Días negros,Francisco Laresgoiti,https://mubi.com/es/films/dark-suns
Dirty Feathers,Carlos Alfonso Corral,https://mubi.com/es/films/dirty-feathers
Distrito Olvido,Thom Díaz,https://mubi.com/es/films/oblivion-district
Donde hay agua,Lizbeth Pineda Alvarado,https://mubi.com/es/films/the-water-2022
El águila y el gusano,Guita Schyfter,
El canto de las moscas,Ricardo Soto,
El comediante,"Rodrigo Guardiola, Gabriel Nuncio",https://mubi.com/es/films/this-is-not-a-comedy
El compromiso de las sombras,Sandra Luz López Barroso,https://mubi.com/es/films/the-one-amongst-the-shadows
El comunismo en México y el movimiento estudiantil del 68,Saudhi Batalla,
El convento franciscano de Xalapa,Gustavo Vega,
El día es largo y oscuro,Julio Hernández Cordón,https://mubi.com/es/films/the-longest-day
El día que me fui para ser María,Sofía Castellanos,https://mubi.com/es/films/hail-mary
El día que todo cambió,Javier Colinas,
El eco,Tatiana Huezo,https://mubi.com/es/films/the-eco-of-fear
El encargo de los dioses,Pedro Daniel López,https://mubi.com/es/films/the-damned
El extraño caso del fantasma claustrofóbico,Alejandro Sugich,
El gran aviso,Juan Carlos Salas,
El grosor del polvo,Jonathan Hernández,
El matrimonio de Pepe y Constanza,Santiago Mohar Volkow,https://mubi.com/es/cast/pepe-rubio
El norte sobre el vacío,Alejandra Márquez Abella,https://mubi.com/es/films/northern-skies-over-empty-space
"El reencuentro. Moctezuma y Cortés, 500 años",Miguel Gleason,
El roomie,Pitipol Ybarra,https://mubi.com/es/films/roomies-2022
El sastre de la muerte,Sandra Martínez,
El silencio de mis manos,Manuel Acuña,
El sueño de ayer,Emilio Maillé,
El suplente,Diego Lerman,https://mubi.com/films/the-substitute-2022
El trip,Rafael Altamira,https://mubi.com/es/films/the-trip-2022
El viaje,Lucero González,https://mubi.com/es/films/the-trip-2021
El viaje de Paty,Santiago Pedroche de Samaniego,https://mubi.com/es/films/paty-s-journey/trailer
El viaje de Ximena,Pau Ortiz Rosell,https://mubi.com/es/cast/ximena-rubio
Ellas,Guadalupe Sánchez Sosa,https://mubi.com/es/films/women-1997
En primera línea,David Saez Collado,https://mubi.com/es
Enfermo amor,"Marco Polo Constandse, Rodrigo Nava",
Escocia no es un banco,"Cristian Franco, Carlos Matsuo",https://mubi.com/films/the-torch-of-failure/trailer
Esperanza. Las vendedoras del tren,"Carmen Ramírez Domínguez, José Antonio Ruíz Jarquín, Óscar Flores Solano",
Estación catorce,Diana Cardozo,https://mubi.com/es/films/estacion-catorce/trailer
Esther sin H,Alejandra Islas,
Estoy cansado de despertarme contigo,Jesús Herrera Jaimes,
Eureka,Lisandro Alonso,https://mubi.com/es/films/eureka
Expira,Leopoldo Laborde,https://mubi.com/es/specials/leaving-soon
Fantasmas con armas,Alexys Mauricio Avendaño Castro,https://mubi.com/cast/luis-bunuel
Fantasmas y la última pesadilla,Ian Martín,
Farafangana,Lorenzo Hagerman,
Fido Fest. El rock progresivo,Allan Márquez,https://mubi.com/es/specials/mubi-music-fest
Fiesta nacional,Augusto de Alba,https://mubi.com/es/films/fiesta-nacional
Finlandia,Horacio Alcalá,https://mubi.com/es/films/finlandia-2021
Flores en el valle,Ramón Llaven Zavala,https://mubi.com/es/films/flores
Fugas e irrupciones,Verónica Marín,
Furia roja,Hatuey Viveros,
Gilberto,Juan Aceves,https://mubi.com/es/films/where-are-you-joao-gilberto
Goy,Santiago Salinas Sacre,https://mubi.com/es/lists/goya-awards-best-films-2016-winners-nominees
Goya,Pablo Orta,https://mubi.com/es/lists/goya-awards-best-films-2016-winners-nominees
Grabado en la memoria,Pablo Jato,https://mubi.com/es/films/memoria-2021
Háblame de ti,José Eduardo Cortés Moreno,https://mubi.com/es/films/a-man-in-a-hurry
Hacernos así,Rafael Martínez Sánchez,https://mubi.com/lists/mubi-library-mexico-las-que-no-salen-en-videoteca-pero-podemos-ver/comments
Hasta el fin del mundo,Emiliano Castro Vizcarra,https://mubi.com/es/films/until-the-end-of-the-world
Heroico,David Zonana,https://mubi.com/es/films/the-heroic-trio
Hijas del maíz,Alfonso Gastiaburo,https://mubi.com/es/films/children-of-the-corn
"Hope, Soledad",Yolanda Cruz Cruz,https://mubi.com/films/hope-soledad
Huesera,Michelle Garza Cervera,https://mubi.com/es/films/huesera
Impostor(es),Rocko D. Márquez,https://mubi.com/es/films/the-imposter
Inmersión,Nicolás Postiglione,https://mubi.com/es/films/immersion-2021
Instrucciones para decir adiós,Pablo Arredondo,https://mubi.com/es/films/instructions-to-let-go
Israel,Ernesto Baca,https://mubi.com/es/lists/israeli-cinema
Jezabel,Hernán Jabes,https://mubi.com/es/films/jezebel
Juguemos en el bosque,"Alejandra Cárdenas, Guillermo Granillo",https://mubi.com/es/films/the-village
Karnawal,Juan Pablo Félix,https://mubi.com/es/films/karnawal
La bruja y el demonio,Rubén Colin Gama,https://mubi.com/es/films/the-witch-2015
La caída,Gabriel Ripstein,https://mubi.com/es/films/caida
La civil,Teodora Ana Mihai,https://mubi.com/es/films/la-civil
La colonial,David Buitrón Fernández,https://mubi.com/es/films/colonia
La cura es la locura,Natalia Bermúdez,https://mubi.com/es/films/the-mansion-of-madness
La exorcista,Adrián García Bogliano,https://mubi.com/es/films/the-exorcist
La gran historia de la filosofía occidental,Aria Covamonas,https://mubi.com/es/lists/filosofia
La hija de todas las rabias,Laura Baumeister de Montis,
La libertad fantasma,Gastón Andrade Juárez,https://mubi.com/es/films/the-phantom-of-liberty
La llevada y la traída,Ofelia Medina,https://mubi.com/es/films/carried-away-and-returned
La novena infinita,"Ricardo Yahuaca Vázquez, Jazim Iván Meza Beltrán",
La novia de América,Alfonso Albacete,
La poeta del ring,Mariana Tames,
La primavera de los anacoretas,Andrés Kaiser,https://mubi.com/es/films/the-spring
La puerta verde,Guillermo García Vejar,https://mubi.com/es/films/behind-the-green-door
La recua,"Darío Higuera Meza, Trudi Angell",https://mubi.com/es/films/la-recua-the-mule-pack-train
La vida en el silencio,Rodrigo Arnaz,https://mubi.com/es/films/the-silence
La vida no vale nada,Alejandra Sánchez Orozco ,https://mubi.com/es/films/la-vida-no-vale-nada
Lalo y Luquín,Jorge Curioca,https://mubi.com/es/cast/lalo-santos
Las hijas del viento,José de Jesús Camacho Cabrera,https://mubi.com/es/films/children-of-the-wind-directors-cut
Las hostilidades,M. Sebastián Molina,https://mubi.com/es/films/the-hostilities
Leonora después del pincel,Alan David Cabrera,https://mubi.com/es/films/leonora-addio
Ligando padre,Pitipol Ybarra,https://mubi.com/es/films/like-father
Lluvia,Rodrigo García Saiz,https://mubi.com/es/films/rain-2001
Lo contrario de la muerte,Carlo Corea,https://mubi.com/es/films/downhill-racer
Lo que queda en el camino,"Jakob Krese, Danilo do Carmo",https://mubi.com/films/lo-que-queda-en-el-camino
Lockdown Inside Me,León Alvarado Guerrero,https://mubi.com/es/films/lockdown-2021
Los árboles mueren de pie,"Fany Fulchiron, Ronan Kerneur",https://mubi.com/es/films/los-arboles-mueren-de-pie/cast
Los brujos,Christopher Murray,https://mubi.com/es/films/the-sorcerers
Los codos de Monterrey,Gil Morales,https://mubi.com/es/films/monterey-pop
Los fundadores,Diego Hernández,https://mubi.com/es/films/the-founders-2021
Los hermosos vencidos,Guillermo Magariños,https://mubi.com/es/films/los-hermosos-vencidos
Los hilos de Eva,Alma Valeria Ruiz Urbina,https://mubi.com/es/films/bologna-centrale
Los minutos negros,Mario Muñoz,https://mubi.com/films/the-black-minutes
Los niños invisibles (Home is Somewhere Else),"Carlos Hagerman, Jorge Villalobos",https://mubi.com/es/films/los-ninos-invisibles
Los plebes,"Eduardo Giralt Brun, Emmanuel Massú",https://mubi.com/es/films/los-plebes
Los sones de los tejedores,Ismael Vásquez Bernabé,https://mubi.com/es/films/songs-for-drella
Los sueños y los días en Cuba,Jimena Perzabal,https://mubi.com/es/lists/soy-cuba
Los vigilantes del Ródano,Gil Morales,
Luchadoras,"Paola Calvo, Patrick Jasim",https://mubi.com/es/films/luchadoras
Luciana,Minerva Rea,https://mubi.com/es/cast/luciana-cirenei
Luna,Romeo De Paz,https://mubi.com/es/films/luna-2017
Luna negra,Tonatiuh García,https://mubi.com/es/films/black-moon-rising
Malcriados,Gabriela Sobarzo,
Malvada,José Manuel Cravioto,https://mubi.com/es/films/devious-maids
Mañana el fuego,Rodrigo Mendoza,https://mubi.com/es/films/prayers-for-the-stolen
" Mariachis Son, vida y alegría",Amador Arellanos Juárez,
Mazunte,Saudhi Batalla y Eva Bodenstedt,
Me'e Sacramento,Florencia Gómez Sántiz,https://mubi.com/es
Melancolía,Jorge Xolalpa,https://mubi.com/es/films/melancholia-2011
Mi cuerpo es una estrella que se expande,Tania Hernández Velasco,https://mubi.com/es/films/the-project-2017
Monstruo de Xibalbá,Irene Espitia,https://mubi.com/es/films/monstruo
Mostro,José Pablo Escamilla,https://mubi.com/es/films/mostro
Nada que ver,Kenya Márquez,https://mubi.com/films/nada-que-ver
No nos moverán,Pierre Saint-Martin Castellanos,https://mubi.com/es
No quiero ser polvo,Iván Löwenberg,https://mubi.com/films/i-don-t-want-to-be-dust
Nogales,Roger Ellis Frazier,https://mubi.com/es/cast/ivan-nogales-bazan
Nos hicieron noche,Antonio Hernández,https://mubi.com/films/they-made-us-the-night
Nunca seremos parte,Amelia Eloisa,https://mubi.com/es/films/we-will-never-belong
Oaxacalifornia El regreso,Trisha Ziff,
Obispo rojo,Francesco Taboada Tabone,https://mubi.com/es/films/selva-tragica/cast
Ojos que no ven,Alfonso Zárate Santos,https://mubi.com/es/films/what-the-eye-doesnt-see
Operación Feliz NavidadLa estafa de los duendes,Alonso Iñiguez,
Pacientes recurrentes,Mario Bogart,
Padre Pablo,José Luis Isoard,https://mubi.com/films/father-pablo
Paisajes en la piel,"Pablo Chavarría Gutiérrez,Diego Amando Moreno Garza",https://mubi.com/es/films/my-skin-luminous
Pandemonium,Emmanuel Panizzo,https://mubi.com/es/films/pandemonium-1982
Para toda la vida,René Bueno,https://mubi.com/es/films/lifelong
Pasitos a la fama,Carlos Carrera,https://mubi.com/es/cast/carlos-carrera
Peligro en tu mirada,Raúl Caballero,
Pérdida total,Enrique Begné,https://mubi.com/es/films/lost-and-beautiful
Peregrinación a San Antonio,Diego Graue,
Permitidos,Raúl Martínez,https://mubi.com/es/films/that-s-not-cheating
Plaza Catedral,Abner Benaim,https://mubi.com/es/films/plaza-catedral
Pobo' Tzu',"Yollotl Alvarado Gómez,Tania Ximena Ruiz Santos",https://mubi.com/es/films/pobo-tzu
Podcast,Julio César Estrada,
Pola Weiss,Alejandra Arrieta,https://mubi.com/es/cast/paula-weiss
Polvo de gallo,Julio López Fernández,
Por favor no me abandones,Antonio Rotunno,https://mubi.com/es/films/never-let-me-go
Por mi hija,Fernando Rodríguez,https://mubi.com/es/showing
Poseído,Javier Ruiz,https://mubi.com/es/films/the-possessed
Presencias,Luis Mandoki,https://mubi.com/es/films/the-uninvited-2009
Querida Nancy,Olivia Peregrino,https://mubi.com/es/films/nancy
Reemplazables,René Olivas Gastélum,https://mubi.com/es/lists/movies-i-want-to-rewatch-and-reevaluate
Rock x la vida El documental,Alejandro Tavares López,https://mubi.com/es/films/rock-x-la-vida-el-documental/cast
Ruido,Natalia Beristáin,https://mubi.com/es/films/ruido-2020
Sacrificios,Mauricio Chernovetzky,https://mubi.com/es/films/the-sacrifice
San Jhonny,Arturo Pulido,https://mubi.com/es/cast/johnny-duncan
"Sangre, sudor y llaves","Guinduri Arroyo, Orlando Jiménez Ruiz",https://mubi.com/es/films/in-which-we-serve
Santuario El viaje perrote de Paty Aguirre,Christian Sida,
Semillas de pólvora,Arturo González Villaseñor,https://mubi.com/es/films/powder-river
Silencios,Gladys Lizárraga,https://mubi.com/es/films/los-silencios
Sin ti no puedo,Chus Gutiérrez,https://mubi.com/es/films/i-can-t-do-it-without-you
Sirena,Miguel Ángel Contreras Pelayo,https://mubi.com/es/films/sirena
Sleepwalk,Ricardo González Silva,https://mubi.com/es/films/sleepwalk
Sombría,Juan Pablo Cortés,
Sonus,Diego del Río,https://mubi.com/es/cast/sonus
Soundtrack,Humberto Abiel Garza,https://mubi.com/es/lists/the-soundtrack
Tare,"Andrea Martínez Crowther, Tenoch Huerta",https://mubi.com/es/cast/satish-tare
Te buscaré hasta encontrarte,Ludovic Bonleux,
Te nombré en el silencio,José María Espinosa de los Monteros,https://mubi.com/es/films/te-nombre-en-el-silencio
Tengo un sueño La película,Carlos Lara,https://mubi.com/es/films/a-beautiful-dream
The Cartel Project,Jules Giraudat,https://mubi.com/es/films/the-cartel-project
The Juniors y la fórmula imperial,Ricardo Tavera,https://mubi.com/es/films/the-juniors-and-the-imperial-substance
Todos sus muertos,Antonio Kasis,https://mubi.com/es/films/all-your-dead-ones
"Tonantzin, Guadalupe",Jesús Muñoz,
Tótem,Lila Avilés,https://mubi.com/es/films/totem-2017
Transition,Alejandro Torres Kennedy,https://mubi.com/es/films/transition-2021
Travesía a los confines,Adrià Campmany Buisán,https://mubi.com/es/films/journeys-2021
Travesías,Sergio Flores Thorija,https://mubi.com/es/films/journeys-2021
Triangle of Sadness,Ruben Östlund,https://mubi.com/films/triangle-of-sadness
Trimmigrants,"David Kohan, Gustavo Anselmi",
Tú eres mi problema,Álvaro Curiel,
Tus dos muertos,Daniel Castro Zimbrón,https://mubi.com/es/films/all-your-dead-ones
Tzofo,Salvador Martínez,
Un lugar llamado música,Enrique M. Rizo,https://mubi.com/es/films/a-place-called-dignity
Un mundo mejor,Janett Juárez,https://mubi.com/es/films/in-a-better-world
Un rincón sin cielo,Lisset Bohe,https://mubi.com/es/films/sin-cielo
Una jauría que se llama Ernesto,Everardo González,https://mubi.com/es/cast/ernesto-baca
Underdogs (7 to smoke Breaking la vida),Abraham Escobedo Salas,https://mubi.com/es/films/underdog
Users,Natalia Almada,https://mubi.com/es/films/users-2021
Va por Diego,Miguel Flatow,https://mubi.com/es/films/for-diego
Ventura,Gisela Cristina Delgadillo Guevara,https://mubi.com/es/cast/ventura
"Verde, azul o café",Erick Blackmer,
Vienes de noche,Jorge Michel Grau,https://mubi.com/es/films/esmeralda-comes-by-night
Jazzamoart Vivir la vida como jazz,Floria González,https://mubi.com/es/films/to-live-life-like-jazz
Volveré,Carlos Salces,https://mubi.com/es/films/back-soon
Wango & Quark,Topo Gómez,
Wetiko,Kerry Mondragón,https://mubi.com/films/wetiko/cast
When You Are Gone,Rafael Altamira,https://mubi.com/es/films/while-you-were-gone
Who Speaks Love?,Rafael Altamira,
XV primaveras,Chava Cartas,
Yo'on k'ox krem (Corazón de niño),Bernardino de Jesús López de la Cruz,https://mubi.com/es/films/chronicle-of-a-boy-alone
Yo soy Bernabé,Humberto Espinal Rivera,https://mubi.com/es
Yudxi,Josué Vásquez Martínez,https://mubi.com/es/cast/yudii-mercredi
Yurei,Sumie García,https://mubi.com/es/cast/yurei-yanagi
Zona norte,Javier Ávila,https://mubi.com/es/films/zona-norte
